output_prefix	name	motif_id	cluster	total_tfbs	Unt_A_mean_score	Unt_A_bound	Unt_F_mean_score	Unt_F_bound	HU_A_mean_score	HU_A_bound	HU_F_mean_score	HU_F_bound	Unt_A_Unt_F_change	Unt_A_Unt_F_pvalue	Unt_A_HU_A_change	Unt_A_HU_A_pvalue	Unt_A_HU_F_change	Unt_A_HU_F_pvalue	Unt_F_HU_A_change	Unt_F_HU_A_pvalue	Unt_F_HU_F_change	Unt_F_HU_F_pvalue	HU_A_HU_F_change	HU_A_HU_F_pvalue
FOSL2JUND_MA1144.1	FOSL2::JUND	MA1144.1	C_Smad2::Smad3	20227	0.36491	5704	0.34073	5211	0.36046	5543	0.33125	4955	0.23221	4.26200E-146	0.07129	1.29556E-98	0.30884	2.25547E-158	-0.1761	1.81278E-134	0.12126	3.90218E-118	0.28516	2.96424E-158
BHLHE41_MA0636.1	BHLHE41	MA0636.1	C_ARNT2	5278	0.70377	2257	0.71359	2251	0.69788	2214	0.70583	2206	0.00813	1.61759E-07	0.07885	3.23785E-81	0.11336	9.92340E-97	0.06162	8.67108E-71	0.11224	2.64553E-96	0.06144	1.15074E-70
ZBTB7C_MA0695.1	ZBTB7C	MA0695.1	C_ZBTB7B	10562	0.4108	3206	0.42207	3245	0.41431	3200	0.429	3261	-0.06605	7.55198E-87	-0.01509	5.86182E-26	-0.0953	3.64983E-102	0.05286	8.65289E-76	-0.04347	9.07020E-70	-0.09365	1.98042E-101
SREBF1_MA0595.1	SREBF1	MA0595.1	C_SREBF1	15161	0.36576	3985	0.36463	4013	0.3686	3959	0.37241	3935	0.01913	1.16787E-44	-0.01641	3.84594E-38	-0.0119	1.97858E-27	-0.03477	1.90069E-67	-0.03212	5.33803E-64	-0.00086	4.20237E-01
AhrArnt_MA0006.1	Ahr::Arnt	MA0006.1	C_Ahr::Arnt	16082	0.50574	5904	0.51706	5969	0.51029	5878	0.52459	5932	-0.05178	1.73280E-81	-0.00767	4.42398E-13	-0.06406	1.34194E-90	0.04536	1.67435E-77	-0.0232	4.07524E-48	-0.06578	9.78298E-92
MAFK_MA0496.3	MAFK	MA0496.3	C_BACH1	31555	0.33277	8099	0.3233	7695	0.33347	7898	0.32442	7465	0.08476	3.72400E-123	0.01078	8.79731E-34	0.09901	9.80646E-125	-0.07805	2.34273E-119	0.02721	5.56145E-71	0.09997	3.77436E-125
VSX1_MA0725.1	VSX1	MA0725.1	C_EMX1	8396	0.18073	1059	0.18382	1065	0.18221	1055	0.1831	1015	0.02514	5.12596E-46	0.0239	3.36263E-44	0.05816	7.43904E-79	-0.00482	4.31029E-04	0.03527	7.65240E-59	0.0424	4.90624E-66
DRGX_MA1481.1	DRGX	MA1481.1	C_EMX1	6397	0.20772	909	0.21356	923	0.21025	908	0.21167	875	0.00448	9.40767E-06	0.01768	2.83668E-30	0.04911	4.11367E-63	0.01069	2.94342E-17	0.04433	4.23658E-59	0.03737	1.00410E-56
MSX1_MA0666.1	MSX1	MA0666.1	C_Dlx3	7336	0.27044	1346	0.27865	1328	0.27513	1338	0.27607	1261	0.00853	1.12523E-12	0.0047	8.07122E-06	0.08179	1.76156E-88	-0.00486	1.85974E-04	0.07444	1.54520E-84	0.08387	1.55437E-89
Nr1h3Rxra_MA0494.1	Nr1h3::Rxra	MA0494.1	C_Nr1h3::Rxra	18477	0.28728	4148	0.28859	4125	0.28918	4114	0.29186	4031	-0.00554	3.87704E-13	-0.00649	7.17051E-16	-0.00371	4.14125E-08	-0.00056	7.87465E-02	-0.00112	1.11893E-02	0.00012	3.83013E-01
IRF8_MA0652.1	IRF8	MA0652.1	C_IRF1	11954	0.30649	2773	0.31111	2753	0.30959	2756	0.31316	2710	0.05763	1.04582E-81	0.03899	8.70869E-66	0.0928	1.21748E-101	-0.0246	1.72157E-45	0.04252	4.60239E-66	0.06857	7.86168E-86
FOXI1_MA0042.2	FOXI1	MA0042.2	C_Foxj3	8334	0.26133	1607	0.26712	1584	0.26737	1599	0.27816	1613	-0.04999	1.99332E-68	-0.0386	4.75631E-58	-0.06759	7.28142E-81	0.01643	2.70337E-26	-0.02808	2.87103E-49	-0.04385	3.98480E-63
TFAP2E_MA1569.1	TFAP2E	MA1569.1	C_TFAP2A	16553	0.48742	6128	0.48989	6137	0.48649	6070	0.50004	6138	-0.00836	2.70302E-22	0.03155	2.33445E-70	-0.04325	2.26508E-83	0.03678	1.04136E-76	-0.04034	1.91606E-80	-0.07514	8.03493E-107
RXRG_MA0856.1	RXRG	MA0856.1	C_PPARD	17347	0.29799	3786	0.2971	3654	0.29542	3634	0.29454	3501	0.02929	8.44020E-60	0.03752	1.13371E-69	0.07874	1.98396E-100	0.00325	2.44936E-09	0.05516	1.66343E-85	0.05582	5.32037E-86
Rhox11_MA0629.1	Rhox11	MA0629.1	C_Rhox11	10576	0.26254	2153	0.26233	2078	0.26421	2089	0.26345	2008	0.05052	1.78261E-71	0.01863	4.21742E-34	0.07839	6.76803E-90	-0.03573	4.90503E-56	0.03394	6.89487E-56	0.06939	9.47530E-85
NR5A1_MA1540.1	NR5A1	MA1540.1	C_Nr5a2	17167	0.32825	4327	0.32897	4263	0.32889	4249	0.33212	4207	0.01317	3.66172E-36	0.01278	3.21162E-35	0.02082	6.45572E-52	-0.00245	8.10284E-02	0.00784	6.59822E-20	0.01126	2.14564E-31
JUNJUNB_MA1132.1	JUN::JUNB	MA1132.1	C_Smad2::Smad3	17704	0.36522	4906	0.34466	4509	0.36107	4765	0.33459	4284	0.21557	4.99209E-148	0.06969	9.05314E-95	0.29557	1.29283E-161	-0.1603	3.15793E-130	0.12132	2.77050E-123	0.27055	9.31119E-153
KLF13_MA0657.1	KLF13	MA0657.1	C_KLF13	16011	0.75401	7123	0.76389	7125	0.74792	7020	0.76165	7089	-0.02827	1.31809E-62	0.05261	1.42712E-90	0.02336	6.99784E-58	0.0757	8.25030E-106	0.04808	3.34593E-81	-0.01896	2.81954E-46
CTCF_MA0139.1	CTCF	MA0139.1	C_CTCF	52533	0.46788	21899	0.4648	21440	0.4654	21490	0.46734	21188	0.0823	3.37142E-126	0.06529	7.90767E-114	0.10491	3.20057E-134	-0.02609	1.20537E-75	0.03144	1.38113E-82	0.05831	5.66140E-109
FOSL1JUN_MA1128.1	FOSL1::JUN	MA1128.1	C_Smad2::Smad3	22766	0.36594	6423	0.34329	5904	0.36178	6251	0.33493	5614	0.2251	3.20891E-153	0.06919	1.76987E-103	0.29713	3.93506E-165	-0.17078	1.13638E-142	0.11477	1.07534E-123	0.27346	1.16959E-162
TBX5_MA0807.1	TBX5	MA0807.1	C_TBX15	17797	0.29772	3887	0.30441	3883	0.30412	3892	0.31387	3926	-0.04944	2.48797E-81	-0.06771	8.74296E-95	-0.13597	8.54375E-125	-0.01074	1.85071E-25	-0.10039	7.70816E-115	-0.09485	2.15092E-112
RARAvar.2_MA0730.1	RARA(var.2)	MA0730.1	C_Rarb(var.2)	15989	0.31444	4003	0.31342	3843	0.31421	3858	0.31504	3762	0.02052	1.57397E-50	0.0126	1.74755E-32	0.02327	1.18638E-55	-0.01005	3.84260E-28	0.00427	9.91505E-07	0.01443	2.99963E-37
OLIG3_MA0827.1	OLIG3	MA0827.1	C_Atoh1	7450	0.251	1346	0.25272	1342	0.25211	1336	0.25266	1315	0.02582	1.85022E-39	0.00815	7.79148E-14	0.06378	1.08882E-68	-0.01972	6.73571E-35	0.04111	5.10874E-51	0.06225	2.11529E-81
ETV4_MA0764.2	ETV4	MA0764.2	C_ETV4	51265	0.34226	13357	0.33719	12875	0.33981	12998	0.3343	12374	0.08556	8.96416E-130	0.04359	1.23677E-104	0.1227	3.51921E-145	-0.04973	4.67761E-109	0.05067	7.65712E-106	0.09897	2.17598E-139
NKX6-2_MA0675.1	NKX6-2	MA0675.1	C_EMX1	9653	0.19774	1335	0.19959	1305	0.19991	1324	0.19927	1234	0.04994	1.34004E-68	0.02442	1.48352E-39	0.08817	4.80040E-98	-0.02933	4.52722E-50	0.04407	1.38666E-69	0.07466	9.17498E-86
LHX1_MA1518.1	LHX1	MA1518.1	C_Dlx2	6631	0.26299	1222	0.26983	1202	0.26665	1185	0.26711	1132	0.01911	1.07565E-34	0.00883	8.19856E-14	0.08877	4.73137E-96	-0.01199	3.03200E-21	0.07251	1.80452E-87	0.08796	1.16089E-95
GLI3_MA1491.1	GLI3	MA1491.1	C_GLI3	20685	0.38771	6019	0.39526	6001	0.39096	5967	0.4019	5988	-0.05493	5.19463E-91	-0.0319	2.30576E-73	-0.09441	1.78247E-119	0.02714	3.63424E-67	-0.05306	1.61140E-89	-0.07948	4.26240E-112
MLX_MA0663.1	MLX	MA0663.1	C_ARNT2	6026	0.65612	2415	0.66447	2409	0.65121	2377	0.65664	2340	0.00192	1.63876E-01	0.07887	7.75864E-82	0.1179	7.23424E-99	0.06826	8.79320E-76	0.12142	3.07505E-94	0.06512	8.06747E-74
CDX4_MA1473.1	CDX4	MA1473.1	C_HOXA10	16105	0.20873	2413	0.20939	2338	0.20884	2363	0.20822	2250	0.06419	6.53150E-98	0.03234	2.57479E-65	0.10616	4.10858E-119	-0.03724	4.14772E-73	0.04996	1.90257E-80	0.08788	1.71444E-106
SPDEF_MA0686.1	SPDEF	MA0686.1	C_SPDEF	6702	0.6156	2710	0.6239	2697	0.61563	2682	0.62758	2635	0.00223	1.53274E-05	0.01749	9.52756E-33	0.03092	5.74047E-51	0.01305	3.95864E-18	0.02869	2.35317E-48	0.01851	2.29267E-34
TFAP2Cvar.3_MA0815.1	TFAP2C(var.3)	MA0815.1	C_TFAP2C(var.3)	15702	0.48594	5815	0.49168	5835	0.48659	5744	0.5022	5890	-0.03658	1.45403E-67	0.00765	7.24483E-13	-0.0815	5.83160E-104	0.04406	4.02275E-76	-0.05515	1.08945E-87	-0.09838	6.93947E-112
Foxo1_MA0480.1	Foxo1	MA0480.1	C_Foxj3	30721	0.24069	5447	0.24227	5220	0.24198	5331	0.24315	5051	0.01502	7.59059E-48	0.02596	3.68347E-72	0.06943	1.59264E-113	0.00744	2.64806E-26	0.05715	1.45306E-97	0.05395	7.12244E-103
ATF7_MA0834.1	ATF7	MA0834.1	C_FOSL1::JUN(var.2)	5147	0.68657	1926	0.71077	1970	0.70078	1930	0.72351	1947	-0.02348	9.92972E-26	-0.01162	3.25064E-14	0.01247	6.95575E-18	0.01341	2.62069E-18	0.03227	2.23438E-43	0.0222	2.63781E-32
Arnt_MA0004.1	Arnt	MA0004.1	C_MNT	13953	0.58253	5436	0.59111	5459	0.57841	5350	0.58372	5302	-0.02474	1.12622E-53	0.04786	1.46189E-82	0.05112	2.72311E-85	0.06835	1.98134E-97	0.07448	6.99324E-96	0.01652	2.86497E-41
SOX12_MA1561.1	SOX12	MA1561.1	C_SOX12	7641	0.25902	1449	0.26227	1421	0.25857	1379	0.2592	1323	0.01021	1.84459E-17	0.03759	2.10391E-58	0.07398	2.55308E-87	0.02288	2.05610E-38	0.06559	3.98814E-82	0.04871	2.32400E-69
LHX2_MA0700.2	LHX2	MA0700.2	C_Dlx3	10966	0.21518	1601	0.21937	1546	0.21755	1552	0.21732	1459	0.04189	1.64530E-67	0.02198	2.00589E-42	0.10361	1.26482E-104	-0.02348	2.27518E-42	0.06743	3.14234E-87	0.0938	2.02675E-100
HESX1_MA0894.1	HESX1	MA0894.1	C_LHX9	7827	0.2321	1185	0.23669	1170	0.23395	1165	0.23599	1123	0.03496	2.29523E-50	0.03015	9.37150E-46	0.07784	1.88075E-85	-0.00931	2.55601E-16	0.0468	2.98284E-65	0.05891	1.61747E-73
ZNF460_MA1596.1	ZNF460	MA1596.1	C_ZNF460	79433	0.44909	26710	0.4559	26852	0.45171	26360	0.46621	27052	-0.03754	1.59675E-104	-0.00527	2.16728E-32	-0.07871	1.69893E-143	0.03313	3.49261E-98	-0.05101	6.13999E-120	-0.08362	6.75593E-136
SOX10_MA0442.2	SOX10	MA0442.2	C_SOX4	29517	0.23795	5157	0.23506	4829	0.2341	4918	0.22867	4475	0.05346	1.70401E-99	0.06935	8.70426E-111	0.14452	1.35803E-142	0.0069	3.00892E-18	0.10201	4.10579E-126	0.10096	4.55179E-127
FOSL2JUNB_MA1138.1	FOSL2::JUNB	MA1138.1	C_Smad2::Smad3	20632	0.35945	5738	0.3354	5240	0.35486	5575	0.3256	4973	0.23207	7.10352E-157	0.07245	7.23351E-103	0.31326	8.96749E-170	-0.17475	9.30102E-145	0.12609	1.16806E-130	0.28874	8.63416E-163
PKNOX1_MA0782.2	PKNOX1	MA0782.2	C_PBX3	23269	0.36034	5721	0.35773	5541	0.36123	5661	0.3614	5421	0.06793	1.16329E-104	0.0192	1.54837E-52	0.06697	4.68789E-104	-0.05291	8.63512E-94	0.0073	1.07306E-16	0.05689	3.93584E-97
POU4F2_MA0683.1	POU4F2	MA0683.1	C_POU4F2	20014	0.18659	2561	0.18727	2504	0.18796	2515	0.18632	2420	0.06191	2.67791E-98	0.02305	2.23253E-58	0.10361	5.42644E-120	-0.04309	3.33981E-81	0.049	1.59344E-87	0.09247	3.55198E-115
NEUROG1_MA0623.2	NEUROG1	MA0623.2	C_Atoh1	6389	0.25657	1213	0.25709	1207	0.25765	1207	0.25747	1144	0.0204	8.60469E-32	0.02086	1.54931E-32	0.04332	4.07447E-55	-0.00267	1.00832E-01	0.02461	2.77607E-38	0.02911	1.79923E-44
E2F3_MA0469.3	E2F3	MA0469.3	C_E2F3	1853	0.43173	537	0.44466	550	0.43881	523	0.45094	522	-0.00515	6.08264E-03	0.01951	8.90766E-13	0.02297	3.94788E-16	0.02268	7.56347E-16	0.02657	1.27166E-19	0.00766	4.42873E-03
POU2F1_MA0785.1	POU2F1	MA0785.1	C_POU1F1	20619	0.22168	2975	0.22716	2945	0.22447	2945	0.22735	2872	0.0007	1.42727E-01	0.0064	7.31365E-12	0.04508	3.11229E-81	0.00455	1.36951E-06	0.04418	1.86644E-78	0.04286	2.16974E-79
KLF2_MA1515.1	KLF2	MA1515.1	C_KLF4	55768	0.71413	26260	0.72048	26299	0.70989	25993	0.72313	26335	-0.02911	9.74896E-86	0.04821	8.14314E-107	-0.00195	2.88348E-06	0.07316	1.06144E-124	0.02195	8.61845E-70	-0.04357	9.08059E-103
RFX3_MA0798.2	RFX3	MA0798.2	C_RFX3	15161	0.40424	4184	0.41401	4247	0.40914	4153	0.4196	4179	-0.02187	7.66328E-49	-0.00448	5.77161E-07	-0.01474	2.16742E-34	0.01805	1.53183E-42	0.00194	5.89303E-03	-0.01381	3.41585E-32
GSX2_MA0893.2	GSX2	MA0893.2	C_HOXB2	7985	0.22424	1235	0.22725	1261	0.22675	1242	0.2292	1190	0.02926	4.32965E-45	0.00928	2.77349E-17	0.05223	4.14448E-67	-0.02195	3.16323E-31	0.02578	1.12566E-40	0.04815	4.55360E-67
Lhx3_MA0135.1	Lhx3	MA0135.1	C_Lhx3	19322	0.16479	2127	0.16527	2079	0.1658	2084	0.16497	2011	0.05585	1.52099E-91	0.02885	5.77356E-60	0.10116	9.13713E-117	-0.03134	5.67691E-64	0.05166	9.33047E-87	0.08454	3.90210E-105
ZNF528_MA1597.1	ZNF528	MA1597.1	C_ZNF528	23588	0.31946	5733	0.32292	5666	0.32256	5617	0.32644	5573	0.00137	4.31554E-02	-0.0026	1.86847E-04	-0.00198	5.92434E-03	-0.00414	2.73498E-09	-0.00553	9.60671E-12	-0.00117	1.60046E-01
IRF6_MA1509.1	IRF6	MA1509.1	C_IRF6	4401	0.40342	1328	0.41456	1329	0.40787	1332	0.42069	1297	0.00462	1.35967E-02	0.02003	3.03276E-21	0.01786	2.47193E-18	0.01274	1.99492E-11	0.01224	1.10305E-19	0.00188	4.21734E-01
RBPJ_MA1116.1	RBPJ	MA1116.1	C_RBPJ	30761	0.34138	7703	0.34804	7713	0.34647	7616	0.35606	7751	-0.03308	4.49554E-78	-0.03103	2.20458E-75	-0.08252	3.02812E-121	0.00562	1.52529E-17	-0.05872	3.54804E-105	-0.06621	1.26317E-107
TEAD1_MA0090.3	TEAD1	MA0090.3	C_TEAD4	17495	0.25701	3294	0.25799	3236	0.26021	3267	0.26112	3235	0.00174	2.80203E-04	-0.02478	4.21624E-50	0.00653	5.61359E-16	-0.02429	2.72564E-49	0.0031	4.71167E-03	0.02648	1.00045E-56
HIC2_MA0738.1	HIC2	MA0738.1	C_HIC2	17894	0.32388	4370	0.32645	4354	0.32449	4302	0.32867	4241	-0.02093	9.99598E-44	-0.0187	1.49745E-39	-0.03935	5.90941E-69	0.00429	2.06179E-07	-0.02472	4.87617E-54	-0.02936	5.87791E-57
NEUROD2_MA0668.1	NEUROD2	MA0668.1	C_Atoh1	4710	0.26881	911	0.2706	915	0.2708	929	0.27332	882	0.01721	2.24998E-20	-0.0067	2.50562E-05	0.02058	9.34520E-26	-0.02405	1.91946E-29	0.00387	8.04351E-03	0.0269	2.04597E-33
CDX1_MA0878.2	CDX1	MA0878.2	C_HOXA10	15207	0.20709	2291	0.20755	2210	0.20747	2244	0.20637	2134	0.05862	1.86741E-84	0.02585	1.08146E-53	0.10901	5.87084E-111	-0.03718	2.26350E-66	0.05804	1.09718E-88	0.09659	2.65698E-109
ASCL1var.2_MA1631.1	ASCL1(var.2)	MA1631.1	C_TCF3	30752	0.34542	8493	0.353	8600	0.35053	8440	0.36458	8723	-0.0704	7.17928E-110	-0.04555	1.34507E-93	-0.14415	3.66675E-143	0.03087	8.31797E-77	-0.08941	1.37173E-122	-0.12228	4.48777E-136
TCFL5_MA0632.2	TCFL5	MA0632.2	C_TCFL5	10215	0.8031	5698	0.82615	5731	0.7959	5614	0.82946	5816	-0.03882	5.32200E-65	0.10326	4.22658E-108	-0.01938	5.12330E-37	0.13382	4.62636E-119	0.01244	3.85377E-28	-0.11197	1.66219E-110
Dlx4_MA0881.1	Dlx4	MA0881.1	C_Dlx3	7495	0.23075	1221	0.23619	1214	0.23382	1214	0.2331	1122	0.02237	2.01439E-31	0.01394	6.81755E-16	0.09712	9.07311E-94	-0.0105	2.19624E-21	0.07761	6.13617E-84	0.09235	1.46198E-91
NR1I3_MA1534.1	NR1I3	MA1534.1	C_NR1I3	12064	0.24951	2161	0.24856	2057	0.24912	2109	0.24946	2020	0.06043	6.67033E-81	0.02883	4.41523E-50	0.08182	7.01530E-94	-0.03652	5.27868E-62	0.02956	3.06489E-54	0.06513	4.22009E-84
Alx4_MA0853.1	Alx4	MA0853.1	C_LHX9	6350	0.21185	924	0.21596	930	0.21447	947	0.21537	898	0.03915	4.35347E-48	0.02337	1.45514E-29	0.07696	1.31642E-75	-0.01949	4.47178E-26	0.0424	1.94687E-51	0.06371	1.02087E-67
TFAP2Cvar.2_MA0814.2	TFAP2C(var.2)	MA0814.2	C_TFAP2A	37199	0.44248	12445	0.44866	12464	0.44477	12358	0.45684	12491	-0.0342	1.17669E-87	0.00075	1.88674E-02	-0.06775	1.64605E-109	0.03531	6.71783E-83	-0.04278	3.23331E-95	-0.07661	8.33944E-115
MAFG_MA0659.2	MAFG	MA0659.2	C_MAFF	23842	0.24759	4511	0.24462	4271	0.24839	4391	0.24341	4130	0.0549	1.01600E-96	0.01702	4.88427E-49	0.10596	6.82878E-125	-0.04149	4.23313E-88	0.06047	9.69098E-101	0.10177	3.31171E-125
ZBED1_MA0749.1	ZBED1	MA0749.1	C_ZBED1	1378	0.5768	539	0.59127	534	0.58183	536	0.60126	535	0.05349	3.81627E-41	0.02988	3.55324E-24	0.02845	5.28995E-23	-0.03011	7.77462E-17	-0.0222	3.73628E-10	0.00564	1.33173E-04
SPI1_MA0080.5	SPI1	MA0080.5	C_SPI1	66723	0.27507	13698	0.26903	12938	0.27277	13274	0.2649	12285	0.11774	4.79238E-149	0.05421	1.73200E-117	0.18558	3.57124E-169	-0.07299	8.18026E-130	0.0875	2.98095E-144	0.15853	2.21992E-163
NFIX_MA0671.1	NFIX	MA0671.1	C_NFIA	13241	0.30157	3114	0.301	3040	0.30291	3057	0.29993	2928	0.02252	9.07591E-45	3e-05	8.92339E-01	0.06247	3.78857E-86	-0.02332	1.43591E-46	0.04385	2.55954E-71	0.06787	1.17534E-89
TFE3_MA0831.2	TFE3	MA0831.2	C_USF2	13297	0.47493	4105	0.47151	4006	0.4672	3954	0.46057	3743	0.05552	2.14739E-81	0.09457	2.30762E-104	0.19093	9.87178E-135	0.02667	1.51977E-50	0.15498	4.57760E-123	0.13742	1.60968E-120
PITX2_MA1547.1	PITX2	MA1547.1	C_OTX2	19235	0.22033	2897	0.22716	2977	0.22383	2907	0.23013	2932	-0.06548	1.11293E-97	-0.01941	2.41921E-48	-0.0511	2.78023E-85	0.04863	2.98251E-83	0.00365	4.03817E-09	-0.04061	3.13614E-77
OSR1_MA1542.1	OSR1	MA1542.1	C_OSR1	9672	0.3283	2402	0.33126	2387	0.33157	2372	0.33665	2330	0.03837	1.07766E-60	-0.00117	5.39174E-01	0.02332	7.81287E-42	-0.04089	3.62954E-62	-0.01246	3.68646E-20	0.02535	7.68179E-45
TFDP1_MA1122.1	TFDP1	MA1122.1	C_E2F6	20839	0.75264	11089	0.77052	11210	0.75436	10956	0.78639	11320	-0.04692	2.01521E-84	0.06209	1.93767E-96	-0.05863	1.93819E-94	0.10438	1.08685E-118	-0.02156	1.55865E-53	-0.11918	1.31629E-124
PITX1_MA0682.2	PITX1	MA0682.2	C_OTX2	11260	0.25689	1904	0.26233	1902	0.25974	1911	0.26347	1848	-0.01997	3.35276E-36	0.01631	1.40334E-30	0.01919	1.93344E-33	0.03415	3.54900E-57	0.03527	7.94581E-60	0.00624	2.27034E-09
PpargRxra_MA0065.2	Pparg::Rxra	MA0065.2	C_Pparg::Rxra	36972	0.31892	8911	0.31986	8703	0.32029	8655	0.32312	8521	0.00496	8.67376E-16	0.00572	4.52095E-18	0.00893	7.27091E-31	-0.00034	2.64553E-01	0.00282	9.87367E-08	0.00405	4.62473E-11
TEAD3_MA0808.1	TEAD3	MA0808.1	C_TEAD4	12269	0.26189	2324	0.26441	2300	0.26619	2319	0.26708	2261	0.01318	1.23709E-25	-0.01511	8.45624E-35	0.0262	7.78626E-51	-0.02723	1.68699E-55	0.01339	2.35322E-24	0.04026	1.26669E-68
TFEC_MA0871.2	TFEC	MA0871.2	C_ARNT2	11633	0.58745	4421	0.59037	4375	0.58222	4301	0.5828	4198	0.00789	2.83350E-11	0.05664	6.98713E-78	0.10215	5.30362E-103	0.04227	1.21477E-65	0.10063	1.06669E-103	0.06676	7.65697E-85
YY2_MA0748.2	YY2	MA0748.2	C_YY2	9928	0.68051	5200	0.71129	5281	0.69326	5144	0.72542	5299	-0.11655	1.55676E-103	-0.01425	6.96817E-22	-0.12174	2.11359E-105	0.10623	4.65269E-100	-0.0246	1.28384E-39	-0.12363	4.61901E-106
MEIS1_MA0498.2	MEIS1	MA0498.2	C_MEIS3	7720	0.31757	1722	0.32138	1702	0.32074	1669	0.32436	1683	0.02716	1.51415E-42	0.00605	7.90649E-06	0.04258	2.48837E-60	-0.02298	7.87207E-39	0.01819	1.87385E-28	0.04089	1.12469E-58
TFCP2_MA0145.3	TFCP2	MA0145.3	C_TFCP2	4459	0.31741	1098	0.32125	1072	0.31734	1068	0.31801	1058	0.04172	7.47110E-48	0.05451	1.95836E-58	0.11619	5.15782E-90	0.00577	9.46641E-04	0.08359	4.31769E-76	0.08217	2.25955E-75
Nr2e1_MA0676.1	Nr2e1	MA0676.1	C_Nr2e1	19522	0.22767	3200	0.22723	3085	0.22934	3175	0.22627	2985	0.07311	7.90656E-104	0.02864	5.21141E-64	0.12148	1.10642E-125	-0.04961	3.19279E-88	0.0589	9.41374E-94	0.1087	8.95215E-120
ETS1_MA0098.3	ETS1	MA0098.3	C_FEV	11160	0.70441	4922	0.71431	4842	0.70185	4853	0.71118	4680	0.08009	4.57536E-91	0.07524	1.98444E-88	0.17297	7.15838E-124	-0.01491	3.04232E-26	0.11102	6.29508E-105	0.12816	4.74592E-111
EGR3_MA0732.1	EGR3	MA0732.1	C_EGR1	22015	0.71761	11023	0.732	11204	0.71526	10895	0.73818	11154	-0.03539	1.08336E-73	0.06708	5.14240E-99	-0.0005	4.94774E-02	0.09725	4.86376E-115	0.02915	2.37447E-65	-0.05815	3.71740E-94
KLF3_MA1516.1	KLF3	MA1516.1	C_Klf12	32892	0.75418	15815	0.75883	15816	0.7461	15621	0.75789	15856	-0.01547	3.42704E-53	0.06426	6.67996E-109	0.01373	5.32872E-43	0.0736	8.55856E-115	0.02635	2.72197E-69	-0.0396	3.58214E-90
PRRX2_MA0075.3	PRRX2	MA0075.3	C_LHX9	7488	0.2322	1148	0.23804	1166	0.2347	1142	0.23755	1114	0.017	8.48313E-26	0.02495	2.40234E-38	0.0565	2.61103E-70	0.00433	6.98503E-04	0.04111	2.39288E-57	0.04004	2.70159E-56
HOXC8_MA1505.1	HOXC8	MA1505.1	C_Dlx2	4129	0.2085	598	0.21235	597	0.21109	598	0.21079	566	-0.00451	3.16493E-02	0.00095	1.28412E-01	0.06395	6.09115E-74	0.00503	3.89142E-05	0.06736	4.57765E-76	0.06731	3.27513E-69
SP8_MA0747.1	SP8	MA0747.1	C_KLF9	46211	0.72114	21097	0.72849	21322	0.71664	20964	0.72966	21310	-0.04185	1.73083E-97	0.03591	8.22662E-91	-0.01254	3.12758E-48	0.07504	2.74252E-122	0.02217	3.37979E-68	-0.0453	7.50476E-101
Arx_MA0874.1	Arx	MA0874.1	C_LHX9	6958	0.19816	920	0.20014	900	0.19859	901	0.19993	856	0.04623	1.37181E-65	0.03885	1.15898E-58	0.07006	1.20177E-82	-0.01283	3.74215E-19	0.02896	4.20484E-39	0.04311	8.69373E-63
CEBPE_MA0837.1	CEBPE	MA0837.1	C_CEBPA	4971	0.34098	1238	0.33997	1219	0.34202	1195	0.34006	1164	0.12349	8.72694E-91	0.04845	1.20882E-52	0.13782	2.03874E-95	-0.08252	2.35477E-73	0.03283	2.35837E-38	0.11049	4.11620E-86
HES5_MA0821.1	HES5	MA0821.1	C_HES5	7108	0.42645	2191	0.43226	2184	0.4284	2182	0.43371	2189	-0.02861	1.11112E-42	-0.01337	1.22647E-18	-0.02299	8.09045E-35	0.01697	1.21586E-26	-0.00074	8.11648E-01	-0.01554	1.46509E-22
EHF_MA0598.3	EHF	MA0598.3	C_EHF	40399	0.35448	10369	0.34812	9807	0.35085	10003	0.34193	9230	0.12817	5.59767E-141	0.07276	2.04034E-118	0.21625	1.32714E-166	-0.06766	1.05907E-114	0.11322	6.65929E-138	0.17877	8.15191E-157
FOXP1_MA0481.3	FOXP1	MA0481.3	C_Foxj3	20666	0.22278	3309	0.2257	3222	0.22567	3246	0.23144	3217	-0.00688	2.01609E-17	-0.00415	1.34006E-09	0.00894	2.06654E-18	0.00291	7.32505E-03	0.01342	6.34819E-34	0.01214	2.29858E-27
ELF1_MA0473.3	ELF1	MA0473.3	C_EHF	41521	0.37539	11347	0.37064	10949	0.37336	11106	0.3682	10532	0.09571	1.17579E-129	0.04697	4.82556E-95	0.14589	7.74456E-144	-0.05722	2.79736E-104	0.06753	1.63409E-117	0.12239	2.86673E-136
SRY_MA0084.1	SRY	MA0084.1	C_SRY	22012	0.19473	2926	0.19428	2736	0.19384	2794	0.19128	2608	0.04269	8.23616E-81	0.05698	8.47907E-93	0.13639	9.82445E-130	0.00673	4.32137E-18	0.10113	2.57919E-120	0.10036	1.11739E-116
ZNF449_MA1656.1	ZNF449	MA1656.1	C_ZNF449	26311	0.41994	8186	0.42028	8006	0.42225	8066	0.42492	8025	-0.00088	9.95238E-01	-0.01008	3.33299E-28	-0.01797	1.42006E-48	-0.00856	2.24351E-23	-0.0205	1.02956E-53	-0.01273	6.74115E-36
RUNX1_MA0002.2	RUNX1	MA0002.2	C_RUNX1	33181	0.30004	7529	0.28715	7007	0.29432	7269	0.27978	6507	0.14388	1.20492E-139	0.06185	2.43414E-103	0.21105	3.88180E-156	-0.0931	1.52826E-128	0.09618	5.48966E-130	0.1838	1.48115E-157
Gfi1b_MA0483.1	Gfi1b	MA0483.1	C_Gfi1b	24835	0.28072	4780	0.28046	4541	0.2801	4664	0.27794	4367	0.06257	3.79654E-101	0.01896	1.19041E-52	0.09274	1.56415E-118	-0.04759	7.85388E-90	0.03895	3.55651E-81	0.08504	7.84932E-115
IRF1_MA0050.2	IRF1	MA0050.2	C_IRF1	68096	0.22587	11625	0.22325	11030	0.22581	11391	0.22149	10511	0.09188	3.02810E-138	0.04967	6.89614E-115	0.15191	3.40979E-153	-0.05021	1.46257E-114	0.07412	2.64841E-131	0.1242	5.81514E-154
Sox5_MA0087.1	Sox5	MA0087.1	C_SRY	14877	0.19605	2089	0.19392	1972	0.19487	2005	0.18999	1848	0.07141	4.05216E-93	0.04918	3.08130E-77	0.16261	1.75391E-128	-0.02991	2.33282E-58	0.10216	2.15336E-114	0.13572	1.06105E-120
KLF14_MA0740.1	KLF14	MA0740.1	C_KLF9	32019	0.9374	17618	0.9496	17688	0.9298	17406	0.94978	17661	-0.04155	1.62977E-80	0.07242	7.24613E-106	0.00742	4.88234E-23	0.10799	9.79898E-123	0.04343	1.10135E-90	-0.05381	1.11868E-91
ZNF384_MA1125.1	ZNF384	MA1125.1	C_ZNF384	52448	0.19728	7677	0.19528	7283	0.19779	7536	0.19509	6947	0.07105	6.90148E-128	0.0381	1.37976E-96	0.11385	1.34200E-139	-0.039	9.84788E-97	0.05235	2.36112E-103	0.09129	1.08259E-133
PBX1_MA0070.1	PBX1	MA0070.1	C_PBX1	11432	0.30185	2085	0.30788	2080	0.30365	2055	0.30615	1950	0.02252	1.70731E-47	0.0247	7.65030E-48	0.09307	3.46848E-98	-0.00156	1.00174E-02	0.07519	5.09503E-89	0.08087	7.01118E-101
ZNF16_MA1654.1	ZNF16	MA1654.1	C_ZNF16	26257	0.34286	6784	0.3449	6719	0.34592	6700	0.3522	6650	0.0075	5.46883E-25	-0.01633	4.27208E-48	-0.0195	1.18158E-54	-0.02267	2.04832E-60	-0.02943	1.14615E-71	-0.00913	4.09499E-29
FOXF2_MA0030.1	FOXF2	MA0030.1	C_Foxj3	18604	0.2234	2976	0.22577	2899	0.22494	2904	0.22731	2783	0.02223	1.32885E-51	0.0288	9.22474E-62	0.08084	1.03577E-104	0.00278	9.40081E-05	0.06295	2.47869E-94	0.06394	2.94078E-101
NR1I2_MA1533.1	NR1I2	MA1533.1	C_NR1I2	10259	0.364	2807	0.3697	2781	0.36614	2758	0.37402	2802	-0.01353	9.37899E-23	-0.00246	3.53993E-06	-0.0347	2.53659E-60	0.01123	2.40603E-14	-0.02678	4.90232E-50	-0.03733	4.36015E-63
TCF7L2_MA0523.1	TCF7L2	MA0523.1	C_TCF7L2	22731	0.23475	3981	0.23229	3849	0.23365	3887	0.22912	3669	0.07944	5.32906E-116	0.05076	8.81666E-97	0.13916	4.04510E-140	-0.03615	3.56172E-83	0.07273	3.98209E-109	0.10992	5.73127E-130
SOX18_MA1563.1	SOX18	MA1563.1	C_SOX18	9635	0.30295	2124	0.30046	2008	0.30172	2016	0.29615	1914	0.06084	6.43471E-76	0.02762	6.94924E-47	0.11339	2.71368E-106	-0.0382	2.77560E-62	0.06335	2.65564E-81	0.10167	1.35395E-101
TBR1_MA0802.1	TBR1	MA0802.1	C_TBX18	14458	0.25659	2803	0.26027	2791	0.26112	2791	0.2658	2728	-0.00678	2.12917E-07	-0.01785	2.37787E-31	-0.02077	7.83932E-37	-0.00939	5.48753E-13	-0.01788	2.07632E-31	-0.00925	1.13116E-12
OLIG2_MA0678.1	OLIG2	MA0678.1	C_Atoh1	6745	0.23559	1120	0.23612	1113	0.23711	1116	0.23656	1097	0.02821	4.44386E-42	-0.00228	4.65027E-03	0.06115	3.88127E-73	-0.03144	1.16372E-44	0.03592	1.86025E-51	0.0678	2.23245E-72
TBX15_MA0803.1	TBX15	MA0803.1	C_TBX15	13758	0.30424	3132	0.30849	3136	0.30833	3161	0.31358	3099	-0.01786	1.64363E-43	-0.03514	4.02691E-68	-0.05328	1.11298E-84	-0.01371	2.66372E-28	-0.04229	8.94351E-70	-0.03077	5.53918E-57
JDP2var.2_MA0656.1	JDP2(var.2)	MA0656.1	C_FOSL1::JUN(var.2)	6628	0.62585	2359	0.6435	2413	0.63777	2354	0.65572	2391	0.00626	7.27092E-09	-0.00173	1.27122E-01	0.0275	1.68732E-44	-0.00838	7.22233E-05	0.02147	5.69815E-36	0.03085	1.11161E-50
ZSCAN4_MA1155.1	ZSCAN4	MA1155.1	C_ZSCAN4	22521	0.29636	5198	0.2946	5076	0.29798	5168	0.29868	5030	0.0368	7.66598E-75	-0.01726	5.53822E-46	0.00387	1.78402E-06	-0.05357	2.07602E-91	-0.03127	4.07759E-69	0.01732	2.49683E-44
MEOX2_MA0706.1	MEOX2	MA0706.1	C_EMX1	10182	0.19552	1363	0.1978	1396	0.19678	1379	0.19532	1306	0.02336	2.99669E-42	0.02091	2.05069E-38	0.0833	1.07867E-92	-0.00564	9.02497E-06	0.06287	9.56860E-81	0.0723	9.96929E-87
Nkx3-2_MA0122.3	Nkx3-2	MA0122.3	C_Nkx3-2	13725	0.24162	2443	0.24095	2354	0.24218	2399	0.23988	2287	0.05574	2.01307E-81	0.02134	9.44240E-44	0.09518	7.46773E-104	-0.03829	1.49592E-64	0.0473	1.62302E-76	0.08573	1.95297E-99
PRDM1_MA0508.3	PRDM1	MA0508.3	C_PRDM1	39721	0.26709	7927	0.26796	7806	0.26938	7865	0.26997	7588	0.05495	1.70268E-103	0.01978	7.40845E-60	0.07952	2.15730E-124	-0.03866	2.48744E-84	0.03148	6.85106E-80	0.06952	5.18731E-111
ZNF317_MA1593.1	ZNF317	MA1593.1	C_ZNF317	28489	0.28151	6202	0.27799	6002	0.2824	6113	0.27681	5784	0.05445	1.62332E-97	0.01953	2.46224E-53	0.09857	1.75962E-120	-0.03861	1.07018E-81	0.05313	3.18654E-94	0.09143	2.84884E-117
VSX2_MA0726.1	VSX2	MA0726.1	C_EMX1	8396	0.18073	1059	0.18382	1065	0.18221	1055	0.1831	1015	0.02514	5.12596E-46	0.0239	3.36263E-44	0.05816	7.43904E-79	-0.00482	4.31029E-04	0.03527	7.65240E-59	0.0424	4.90624E-66
HOXC4_MA1504.1	HOXC4	MA1504.1	C_HOXD4	9453	0.19327	1297	0.195	1273	0.19464	1292	0.1951	1210	0.02502	8.23651E-41	0.01334	2.96972E-20	0.05866	2.81307E-79	-0.01417	1.86832E-29	0.03635	5.09046E-59	0.05178	5.09622E-70
E2F8_MA0865.1	E2F8	MA0865.1	C_E2F8	10741	0.39011	2947	0.39954	2960	0.39372	2919	0.40352	2946	-0.00445	2.86735E-07	0.01437	6.03155E-25	0.02272	1.16496E-40	0.01701	2.40365E-30	0.02554	2.21098E-48	0.01184	1.93450E-19
TFAP2B_MA0811.1	TFAP2B	MA0811.1	C_TFAP2A(var.2)	18716	0.44511	6408	0.44777	6337	0.44447	6320	0.45471	6328	-0.01842	3.47899E-48	0.01905	8.68134E-47	-0.04435	5.77475E-83	0.03563	1.97397E-72	-0.03249	3.18550E-70	-0.06605	1.29419E-99
DPRX_MA1480.1	DPRX	MA1480.1	C_DPRX	8661	0.29221	1836	0.29163	1768	0.29134	1819	0.2864	1745	0.03463	9.62673E-55	0.01867	4.00196E-30	0.08933	2.88222E-91	-0.01935	1.71607E-31	0.06145	1.48417E-78	0.08299	3.75603E-88
JUNvar.2_MA0489.1	JUN(var.2)	MA0489.1	C_Smad2::Smad3	25167	0.34219	6745	0.32028	6197	0.33743	6579	0.31223	5891	0.21085	1.08335E-151	0.06567	9.11314E-99	0.28132	4.27374E-164	-0.15884	5.12891E-138	0.11019	3.16896E-124	0.25868	2.83862E-158
KLF16_MA0741.1	KLF16	MA0741.1	C_KLF9	56043	0.75255	26677	0.76256	26922	0.74938	26468	0.76535	26946	-0.0484	1.55363E-99	0.03922	3.28238E-90	-0.01718	8.10062E-57	0.08477	3.40846E-123	0.02312	1.60096E-75	-0.05324	1.40949E-103
RFX4_MA0799.1	RFX4	MA0799.1	C_RFX2	8549	0.45765	2615	0.47081	2644	0.46395	2609	0.47894	2634	-0.03887	1.53332E-63	0.00113	3.13142E-01	-0.02032	3.81060E-37	0.04061	7.91360E-69	0.01147	5.32727E-26	-0.02445	2.34300E-44
PDX1_MA0132.2	PDX1	MA0132.2	C_EMX1	8312	0.19074	1110	0.19451	1115	0.19319	1116	0.19361	1067	0.01787	2.21469E-29	0.01481	3.49318E-23	0.05791	1.18467E-77	-0.00551	3.22330E-07	0.04154	6.11312E-64	0.04944	3.82000E-70
TCF7_MA0769.2	TCF7	MA0769.2	C_TCF7L2	16973	0.23741	3022	0.23652	2925	0.2374	2912	0.23356	2730	0.06855	3.43540E-94	0.04182	5.07897E-74	0.11983	1.36216E-117	-0.03281	1.53074E-60	0.06217	8.26896E-93	0.09605	2.83849E-108
HEY2_MA0649.1	HEY2	MA0649.1	C_HEY1	7524	0.56851	2932	0.5782	2943	0.56667	2898	0.57893	2919	-0.0461	1.65343E-64	0.02092	1.11428E-39	-0.01195	4.52366E-15	0.06613	8.47778E-83	0.02652	1.09161E-47	-0.03185	5.61001E-49
MAXMYC_MA0059.1	MAX::MYC	MA0059.1	C_MAX::MYC	10234	0.47717	3419	0.48278	3426	0.47561	3366	0.47823	3306	0.00223	5.08600E-01	0.03605	6.98810E-62	0.06115	1.49277E-84	0.02947	6.11669E-52	0.05997	5.89177E-81	0.03691	7.00919E-63
PPARG_MA0066.1	PPARG	MA0066.1	C_PPARG	14581	0.28935	3334	0.28995	3333	0.29205	3293	0.29427	3247	0.01638	8.27230E-36	-0.01494	9.24920E-26	-0.01616	2.11789E-28	-0.03051	6.85783E-53	-0.03376	5.55913E-63	-0.00669	5.56449E-07
TCF3_MA0522.3	TCF3	MA0522.3	C_TCF3	22722	0.37134	6720	0.38099	6818	0.37547	6692	0.38993	6923	-0.08334	5.52168E-111	-0.03945	1.34466E-83	-0.14141	1.04547E-137	0.04945	1.93243E-90	-0.07513	9.98057E-111	-0.12453	2.85674E-132
FERD3L_MA1485.1	FERD3L	MA1485.1	C_FERD3L	15703	0.40458	4935	0.40639	4868	0.40523	4859	0.41138	4854	0.01675	1.81559E-38	0.00489	1.58536E-05	-0.00211	3.61108E-05	-0.01313	1.09212E-37	-0.01946	5.42343E-47	-0.00747	1.31645E-22
FOXA3_MA1683.1	FOXA3	MA1683.1	C_Foxj3	19326	0.22286	3081	0.22556	3009	0.22602	3042	0.23199	3022	-0.00614	3.14087E-14	-0.0092	6.11378E-24	0.00217	1.02189E-03	-0.00238	1.23580E-03	0.00566	3.12783E-11	0.00889	9.36234E-24
FOXC2_MA0846.1	FOXC2	MA0846.1	C_FOXC2	33377	0.18915	4347	0.19007	4226	0.19078	4261	0.19201	4114	0.039	3.23697E-83	0.01781	3.03354E-61	0.06968	3.46411E-115	-0.02433	6.09605E-73	0.03514	9.29153E-89	0.06005	8.59743E-112
NFIA_MA0670.1	NFIA	MA0670.1	C_NFIA	15298	0.27564	3227	0.27523	3180	0.27744	3183	0.27286	3039	0.0409	1.68712E-71	0.00889	7.37826E-19	0.08749	2.27957E-103	-0.03415	1.86199E-63	0.05305	2.84032E-82	0.08788	1.47548E-103
FOSJUNvar.2_MA1126.1	FOS::JUN(var.2)	MA1126.1	C_FOSL1::JUN(var.2)	9071	0.45608	2531	0.46529	2540	0.46388	2518	0.46971	2490	0.03586	1.37102E-58	-0.00389	2.79093E-04	0.08192	3.58734E-87	-0.04071	2.09253E-67	0.05285	3.21356E-68	0.09281	9.31182E-103
TBX21_MA0690.1	TBX21	MA0690.1	C_TBX18	14501	0.26914	2946	0.27154	2934	0.27278	2919	0.2747	2862	0.00187	1.46039E-01	-0.01904	4.84486E-41	-0.00405	5.01591E-07	-0.01934	1.29173E-41	-0.0081	5.09084E-16	0.01009	5.22155E-24
Hic1_MA0739.1	Hic1	MA0739.1	C_Hic1	16393	0.29953	3865	0.3004	3855	0.29978	3753	0.30116	3732	-0.01249	4.49593E-37	-0.00975	1.88104E-30	-0.00898	1.84991E-28	0.00371	1.86896E-01	-0.00044	6.65151E-02	-0.00308	8.66907E-12
RELB_MA1117.1	RELB	MA1117.1	C_RELB	12823	0.33956	3220	0.34577	3229	0.34532	3190	0.34991	3181	-0.01294	8.79575E-26	-0.01418	4.06317E-34	-0.01198	5.31319E-29	8e-05	3.47764E-01	-0.00313	3.40871E-06	-0.00256	5.49707E-05
OSR2_MA1646.1	OSR2	MA1646.1	C_OSR2	26821	0.33382	6769	0.3341	6684	0.33574	6651	0.3361	6456	0.03907	1.04595E-86	0.01155	5.74631E-33	0.04888	6.48654E-90	-0.03012	7.43087E-70	0.01438	1.94403E-39	0.04308	1.41668E-84
IKZF1_MA1508.1	IKZF1	MA1508.1	C_ETV2	45124	0.28746	9785	0.28184	9241	0.28422	9490	0.27632	8696	0.10783	3.17512E-133	0.06622	8.58323E-117	0.18707	4.14644E-161	-0.05195	1.45147E-106	0.09946	9.01465E-139	0.15095	1.66503E-152
VAX2_MA0723.1	VAX2	MA0723.1	C_EMX1	9446	0.18804	1252	0.19077	1260	0.18974	1253	0.19076	1198	0.02337	4.96789E-41	0.01897	2.50584E-33	0.05454	5.05799E-76	-0.00738	7.29408E-08	0.03318	1.98167E-56	0.04262	2.39303E-65
ISX_MA0654.1	ISX	MA0654.1	C_LHX9	7806	0.2269	1167	0.23042	1161	0.22875	1152	0.23043	1111	0.04412	1.12424E-60	0.0328	2.03882E-53	0.07698	6.78656E-88	-0.01617	3.90313E-26	0.03778	4.29860E-57	0.05585	1.33429E-74
BACH2var.2_MA1470.1	BACH2(var.2)	MA1470.1	C_BACH2(var.2)	6764	0.33483	1443	0.33751	1438	0.3384	1444	0.33934	1377	0.06667	6.07460E-73	0.02051	5.38564E-30	0.10301	6.10092E-94	-0.05064	2.51002E-64	0.0468	5.15184E-61	0.096	5.87926E-88
Rarg_MA0859.1	Rarg	MA0859.1	C_Rarb	19069	0.24889	3543	0.24958	3506	0.2504	3507	0.25098	3445	-0.00369	1.40392E-04	-0.00917	3.98106E-25	0.00394	6.53727E-07	-0.00488	3.82724E-07	0.00528	6.29121E-10	0.01084	3.73789E-28
SCRT2_MA0744.2	SCRT2	MA0744.2	C_SCRT1	14962	0.28225	3169	0.28733	3194	0.28606	3180	0.29271	3179	-0.0051	3.34071E-12	-0.01162	7.81133E-29	-0.03317	9.50051E-65	-0.00561	1.57763E-13	-0.03233	3.08849E-61	-0.02797	3.45264E-58
SOX21_MA0866.1	SOX21	MA0866.1	C_SOX21	14912	0.22352	2406	0.22121	2347	0.22417	2347	0.22014	2208	0.07318	4.34262E-103	0.03668	2.95910E-74	0.12946	5.08003E-122	-0.04282	1.40785E-79	0.06701	4.31137E-94	0.11056	1.28763E-120
CEBPB_MA0466.2	CEBPB	MA0466.2	C_CEBPA	5057	0.33919	1247	0.33771	1226	0.34025	1204	0.33763	1170	0.12687	3.85936E-98	0.05027	3.77618E-60	0.14232	5.46544E-103	-0.08434	6.46044E-80	0.03442	8.51980E-46	0.11404	1.17367E-93
Ebf2_MA1604.1	Ebf2	MA1604.1	C_EBF3	24072	0.33339	6138	0.33768	6172	0.33655	6105	0.34466	6140	-0.05295	1.11773E-95	-0.02529	4.08996E-65	-0.07807	3.96572E-112	0.03105	1.91367E-72	-0.03626	2.35752E-75	-0.06611	4.58586E-105
Smad2Smad3_MA1622.1	Smad2::Smad3	MA1622.1	C_Smad2::Smad3	24289	0.35504	6752	0.33157	6185	0.3502	6549	0.3232	5868	0.22298	3.75794E-156	0.07222	3.38734E-108	0.29452	4.28948E-168	-0.16617	1.19330E-144	0.11341	1.51763E-130	0.26806	7.93376E-165
HLTF_MA0109.1	HLTF	MA0109.1	C_HLTF	16697	0.25028	2998	0.24807	2859	0.25026	2872	0.2435	2676	0.06273	4.99739E-99	0.05474	2.35771E-89	0.14382	1.08526E-134	-0.0157	9.22448E-38	0.09236	3.28395E-106	0.11274	6.40051E-120
MEF2C_MA0497.1	MEF2C	MA0497.1	C_MEF2A	38906	0.18516	5076	0.18474	4859	0.18587	4969	0.1849	4633	0.05187	1.60040E-102	0.02914	1.09717E-75	0.08755	1.37716E-124	-0.02731	5.08898E-73	0.04212	2.87390E-93	0.07007	9.00601E-118
MTF1_MA0863.1	MTF1	MA0863.1	C_MTF1	9497	0.40328	2957	0.40451	2961	0.40372	2911	0.40904	2896	0.00323	1.06978E-03	-0.01145	2.76285E-21	-0.01593	7.52817E-31	-0.01391	1.11832E-26	-0.02182	1.28719E-41	-0.00933	1.92072E-16
HOXA13_MA0650.2	HOXA13	MA0650.2	C_HOXA13	14456	0.24966	2455	0.25358	2414	0.25109	2416	0.25334	2332	0.03922	9.68083E-67	0.02079	5.22338E-49	0.07625	2.04190E-95	-0.02192	1.12206E-49	0.04138	4.95896E-69	0.06471	4.51973E-95
ONECUT3_MA0757.1	ONECUT3	MA0757.1	C_ONECUT1	17913	0.17649	2121	0.17497	2047	0.17554	2059	0.17245	1923	0.07046	7.61391E-100	0.04651	2.68872E-88	0.13363	1.16483E-122	-0.03112	1.35038E-71	0.07224	2.31499E-96	0.10577	2.44749E-123
MZF1_MA0056.2	MZF1	MA0056.2	C_MZF1	16750	0.29663	3614	0.29937	3644	0.29976	3599	0.30447	3592	-0.01437	2.28720E-32	-0.01767	1.60172E-39	-0.02711	7.93311E-56	-0.0015	1.00263E-01	-0.01769	1.45842E-39	-0.01639	7.49144E-37
Bhlha15_MA0607.1	Bhlha15	MA0607.1	C_Atoh1	5795	0.23376	960	0.23572	961	0.23855	979	0.24243	952	-0.01804	1.76396E-26	-0.04726	1.25890E-58	-0.03304	8.89519E-48	-0.02415	6.05722E-35	-0.02041	6.82463E-30	0.00155	7.44877E-01
ATOH1var.2_MA1467.1	ATOH1(var.2)	MA1467.1	C_ATOH1(var.2)	24716	0.33894	6355	0.33707	6238	0.34015	6227	0.33884	6044	0.02819	2.19433E-65	0.01258	5.65786E-34	0.05308	6.12114E-94	-0.01802	2.07316E-49	0.02845	2.77586E-68	0.04722	3.81500E-87
FOSL2JUNDvar.2_MA1145.1	FOSL2::JUND(var.2)	MA1145.1	C_FOSL1::JUN(var.2)	7696	0.58069	2573	0.59769	2629	0.59091	2580	0.60841	2614	-0.01582	1.98207E-20	-0.01294	5.84097E-16	0.01284	5.34114E-21	0.00441	5.17661E-04	0.02576	5.31460E-41	0.02362	1.79020E-33
E2F7_MA0758.1	E2F7	MA0758.1	C_E2F7	8850	0.35595	2227	0.36315	2224	0.35826	2185	0.36728	2188	0.01262	3.22726E-20	0.02947	1.68384E-45	0.03719	4.45717E-54	0.01315	3.67137E-21	0.02542	2.18450E-43	0.01511	1.38127E-24
PROX1_MA0794.1	PROX1	MA0794.1	C_PROX1	6070	0.35376	1558	0.36035	1568	0.35717	1554	0.36443	1536	0.00744	2.57365E-06	-0.00811	1.17787E-08	0.02632	4.32961E-34	-0.01533	8.60365E-20	0.01868	1.79113E-25	0.03447	8.59065E-44
TP73_MA0861.1	TP73	MA0861.1	C_TP73	7553	0.32965	1732	0.33271	1713	0.33055	1695	0.3345	1678	0.00013	2.63278E-01	-0.00211	4.47848E-01	0.00176	1.41267E-02	-0.00241	3.12685E-01	-0.00045	5.25955E-01	0.00254	2.12336E-03
TGIF2LX_MA1571.1	TGIF2LX	MA1571.1	C_PKNOX2	8872	0.31226	2054	0.31424	2026	0.31419	2017	0.3172	2027	-0.00129	7.67625E-02	-0.02116	1.55241E-37	-0.01991	1.71294E-35	-0.018	3.15943E-32	-0.02201	6.97063E-39	-0.00583	2.24745E-08
CREB1_MA0018.4	CREB1	MA0018.4	C_FOSL1::JUN(var.2)	18065	0.34664	4270	0.34963	4212	0.34961	4203	0.35055	4059	0.04142	1.53199E-79	0.00675	2.31279E-18	0.08513	3.75642E-110	-0.03691	1.16008E-70	0.05119	2.66315E-88	0.0878	3.39195E-109
ONECUT2_MA0756.1	ONECUT2	MA0756.1	C_ONECUT1	12269	0.17841	1481	0.17659	1405	0.17683	1418	0.17265	1306	0.06845	9.66808E-90	0.0472	2.27984E-75	0.14234	4.05008E-120	-0.02855	2.63427E-57	0.0834	4.00447E-98	0.11508	1.09768E-113
PHOX2B_MA0681.2	PHOX2B	MA0681.2	C_PHOX2B	30393	0.16001	3227	0.15903	3094	0.15978	3147	0.15776	2927	0.07236	3.60533E-107	0.03614	4.46550E-80	0.12595	5.59255E-131	-0.04187	6.20460E-87	0.06274	1.77862E-108	0.1059	4.81298E-126
POU4F3_MA0791.1	POU4F3	MA0791.1	C_POU4F2	20497	0.17784	2435	0.17893	2384	0.17937	2382	0.17772	2284	0.05072	3.87950E-88	0.01919	8.35007E-48	0.09582	1.92478E-115	-0.03516	6.04952E-74	0.0507	1.33283E-88	0.08705	2.59851E-111
GRHL1_MA0647.1	GRHL1	MA0647.1	C_GRHL2	6353	0.25449	1260	0.25771	1229	0.25572	1210	0.25706	1200	0.0115	3.11343E-18	0.03305	1.00313E-48	0.07672	1.48348E-81	0.01743	4.06225E-28	0.06833	7.77769E-77	0.0562	5.54827E-69
KLF9_MA1107.2	KLF9	MA1107.2	C_KLF9	58400	0.53839	21736	0.54366	21764	0.53924	21591	0.54741	21760	-0.03261	2.93425E-90	-0.00746	1.47981E-32	-0.03979	1.09657E-98	0.02631	4.80827E-81	-0.01545	7.65082E-60	-0.03952	2.13366E-98
NFIXvar.2_MA1528.1	NFIX(var.2)	MA1528.1	C_NFIB	20605	0.42955	6868	0.42263	6654	0.4247	6689	0.42045	6445	0.06255	7.46846E-95	0.05662	1.41124E-90	0.11355	6.74305E-121	-0.01353	2.03805E-36	0.06352	1.00010E-95	0.0791	5.94040E-105
IRF3_MA1418.1	IRF3	MA1418.1	C_IRF3	25282	0.26618	5155	0.26734	5031	0.26701	5052	0.26845	4917	0.06189	3.91839E-101	0.04809	8.62522E-87	0.10223	7.51453E-125	-0.02097	1.12907E-52	0.0486	4.31748E-92	0.07115	3.56501E-109
MGA_MA0801.1	MGA	MA0801.1	C_TBX15	15063	0.29762	3352	0.2975	3305	0.30086	3350	0.30279	3274	0.0161	3.60612E-36	-0.02524	3.41000E-55	-0.02322	5.25825E-52	-0.03942	4.13494E-73	-0.04114	6.27734E-75	-0.00605	1.13704E-09
HNF4Avar.2_MA1494.1	HNF4A(var.2)	MA1494.1	C_HNF4A(var.2)	12561	0.30795	2915	0.30526	2773	0.30699	2819	0.3025	2701	0.05361	6.21475E-78	0.03704	2.10347E-62	0.09768	1.31753E-103	-0.02196	6.99982E-49	0.0549	6.07686E-79	0.07788	7.06018E-94
TGIF1_MA0796.1	TGIF1	MA0796.1	C_PKNOX2	14081	0.27152	2855	0.27373	2829	0.27375	2796	0.27687	2772	0.00278	1.99115E-04	-0.0198	2.09044E-40	-0.01196	1.33023E-23	-0.02096	1.57615E-42	-0.01723	2.19632E-35	0.00195	4.56869E-03
SOX2_MA0143.4	SOX2	MA0143.4	C_SOX13	14358	0.2308	2318	0.22763	2238	0.22929	2243	0.22176	2046	0.06577	1.46435E-90	0.03421	1.66172E-64	0.14953	8.82018E-128	-0.03742	1.82087E-70	0.09562	5.17177E-104	0.13572	1.34297E-123
RUNX3_MA0684.2	RUNX3	MA0684.2	C_RUNX3	19497	0.27295	4019	0.26291	3724	0.26892	3860	0.2573	3513	0.14964	2.90767E-135	0.06185	6.37588E-98	0.2088	1.64822E-149	-0.09843	1.06031E-116	0.08741	5.65144E-119	0.18054	2.42475E-143
Ddit3Cebpa_MA0019.1	Ddit3::Cebpa	MA0019.1	C_Ddit3::Cebpa	10305	0.27947	2127	0.28063	2090	0.28292	2131	0.28328	2054	0.02454	3.45447E-40	-0.02176	1.06927E-40	0.00849	1.33273E-09	-0.04475	1.99597E-67	-0.0153	1.03293E-29	0.02623	9.22932E-43
HOXA10_MA0899.1	HOXA10	MA0899.1	C_HOXA10	19778	0.19542	2726	0.19514	2626	0.19546	2666	0.19387	2508	0.07137	3.19290E-103	0.03331	2.70944E-65	0.11933	6.16989E-125	-0.04363	3.43328E-83	0.0572	2.94314E-97	0.1012	5.03615E-112
ONECUT1_MA0679.2	ONECUT1	MA0679.2	C_ONECUT1	21057	0.1734	2418	0.17231	2330	0.17309	2366	0.17002	2197	0.06807	1.60932E-101	0.03933	3.05961E-81	0.12867	9.32022E-129	-0.03505	1.97058E-75	0.06933	4.22686E-104	0.10627	3.24175E-123
TFAP2Bvar.2_MA0812.1	TFAP2B(var.2)	MA0812.1	C_TFAP2A	18809	0.4737	6936	0.47688	6895	0.47207	6837	0.48479	6912	-0.00826	1.65252E-21	0.03459	1.55488E-73	-0.03998	2.12853E-79	0.03941	5.86923E-79	-0.03714	2.57571E-76	-0.07441	9.89697E-106
HOXD4_MA1507.1	HOXD4	MA1507.1	C_HOXD4	9453	0.19327	1297	0.195	1273	0.19464	1292	0.1951	1210	0.02502	8.23651E-41	0.01334	2.96972E-20	0.05866	2.81307E-79	-0.01417	1.86832E-29	0.03635	5.09046E-59	0.05178	5.09622E-70
LMX1B_MA0703.2	LMX1B	MA0703.2	C_EMX1	8595	0.17669	1061	0.17941	1058	0.17804	1055	0.17819	991	0.02778	8.01636E-46	0.02528	2.33637E-42	0.06797	3.57505E-81	-0.00631	2.74588E-08	0.0432	2.29012E-62	0.05225	9.06901E-71
Plagl1_MA1615.1	Plagl1	MA1615.1	C_Plagl1	38608	0.44718	12839	0.44917	12786	0.44723	12623	0.45694	12771	-0.02484	1.16507E-74	-0.00089	6.50161E-01	-0.06259	2.57345E-113	0.02435	5.87431E-76	-0.04599	1.33931E-100	-0.06971	5.28667E-118
FOXC1_MA0032.2	FOXC1	MA0032.2	C_FOXC2	28097	0.18916	3600	0.19044	3545	0.19019	3582	0.19256	3446	0.03542	2.95222E-90	0.02745	1.36912E-79	0.06351	5.06427E-115	-0.01204	1.36960E-45	0.03187	7.32186E-72	0.04532	1.14170E-100
ZNF75D_MA1601.1	ZNF75D	MA1601.1	C_ZNF75D	27459	0.3151	6385	0.31609	6231	0.31755	6231	0.32176	6194	0.00992	6.89313E-28	-0.0139	1.41705E-40	-0.0238	1.47243E-59	-0.02303	1.07605E-60	-0.03615	1.45628E-81	-0.01585	1.28738E-45
SP2_MA0516.2	SP2	MA0516.2	C_SP2	44056	0.76737	20801	0.78013	20966	0.76876	20652	0.7859	20897	-0.04572	3.26693E-99	0.01842	1.47967E-62	-0.01372	7.95722E-49	0.06302	1.40988E-113	0.02443	2.13928E-74	-0.03188	8.79627E-84
HNF4A_MA0114.4	HNF4A	MA0114.4	C_HNF4A	18175	0.27909	3776	0.28065	3723	0.28211	3694	0.28424	3655	0.02099	5.06634E-51	-0.01255	3.63164E-30	0.00746	6.43095E-19	-0.03301	2.15676E-67	-0.01324	5.81783E-32	0.0174	4.10518E-44
NKX2-5_MA0063.2	NKX2-5	MA0063.2	C_NKX2-5	13527	0.26489	2632	0.26616	2566	0.26631	2565	0.26761	2464	0.02461	8.19022E-54	0.00087	8.79788E-01	0.03146	5.45913E-64	-0.02486	2.36314E-57	0.00877	6.00922E-19	0.03277	1.05482E-65
KLF11_MA1512.1	KLF11	MA1512.1	C_KLF9	45405	0.78956	22428	0.79963	22562	0.78593	22255	0.80176	22646	-0.04087	1.33597E-94	0.0421	1.91840E-96	-0.00952	1.31674E-35	0.07958	1.70635E-123	0.02447	3.20842E-73	-0.04705	1.26488E-100
HOXB5_MA0904.2	HOXB5	MA0904.2	C_EMX1	5592	0.21288	860	0.2171	890	0.21426	867	0.21492	831	0.01012	1.64184E-16	0.01233	1.07453E-20	0.05987	8.83589E-75	0.00016	2.26334E-01	0.05028	2.16141E-57	0.05382	1.83672E-70
ZNF140_MA1589.1	ZNF140	MA1589.1	C_ZNF140	19136	0.32707	4582	0.32967	4524	0.33021	4553	0.33379	4489	0.01788	3.78088E-43	-0.00549	4.97515E-10	0.01454	6.47008E-36	-0.02362	1.14017E-52	-0.00313	2.74073E-04	0.01938	4.23369E-46
UNCX_MA0721.1	UNCX	MA0721.1	C_LHX9	6763	0.19753	909	0.19896	907	0.19864	905	0.19875	860	0.05246	2.08621E-65	0.03539	4.42298E-50	0.08742	5.35009E-87	-0.02216	3.22067E-33	0.04094	1.26124E-55	0.06475	2.02633E-74
NR1D1_MA1531.1	NR1D1	MA1531.1	C_NR1D1	17064	0.32289	4150	0.3245	4147	0.3255	4101	0.32849	4116	-0.0174	5.55360E-39	-0.02494	9.93791E-54	-0.03449	2.01702E-66	-0.00501	1.59232E-07	-0.02282	7.63259E-54	-0.01852	4.68385E-42
GSX1_MA0892.1	GSX1	MA0892.1	C_LHX9	9569	0.21997	1389	0.22416	1382	0.22205	1363	0.22459	1329	0.03063	3.30518E-54	0.02516	1.08886E-46	0.06426	2.99962E-82	-0.00924	2.70819E-16	0.03676	5.51311E-59	0.04819	1.94142E-72
HOXB7_MA1501.1	HOXB7	MA1501.1	C_HOXB2	7351	0.23117	1223	0.23489	1212	0.23419	1195	0.23194	1141	0.01296	5.73712E-17	0.0098	3.28669E-11	0.0959	2.26096E-92	-0.00484	4.20513E-06	0.08492	3.76449E-87	0.09496	2.30981E-91
NR2F1var.2_MA1537.1	NR2F1(var.2)	MA1537.1	C_PPARD	19355	0.31913	4553	0.32066	4405	0.31827	4389	0.32015	4253	0.00502	9.50999E-09	0.02721	1.25115E-57	0.0384	1.01731E-71	0.01883	5.43990E-50	0.03378	1.44070E-68	0.01906	8.46826E-44
GLI2_MA0734.2	GLI2	MA0734.2	C_GLI3	18703	0.40416	5572	0.4119	5538	0.40781	5503	0.41856	5534	-0.04905	5.19753E-85	-0.03246	6.04772E-69	-0.08681	1.61458E-110	0.02065	3.30687E-51	-0.05057	2.60865E-86	-0.07078	8.52340E-102
MYF5_MA1641.1	MYF5	MA1641.1	C_MYF5	17568	0.35671	4774	0.35593	4687	0.36198	4747	0.36171	4573	0.02577	3.23615E-57	-0.02146	5.06996E-48	0.01593	1.63480E-39	-0.04612	1.54337E-79	-0.00855	1.27014E-17	0.03406	2.85866E-68
NR4A1_MA1112.2	NR4A1	MA1112.2	C_NR4A1	23451	0.26223	4588	0.25888	4391	0.26	4440	0.25566	4173	0.06521	3.37265E-97	0.05217	7.90234E-89	0.12786	2.42458E-127	-0.02034	6.55474E-50	0.07463	3.56076E-104	0.09768	9.47262E-116
MAFNFE2_MA0501.1	MAF::NFE2	MA0501.1	C_BACH1	25029	0.31742	6231	0.30743	5876	0.31822	6121	0.30769	5704	0.11269	3.32396E-124	0.02515	6.49240E-59	0.15062	1.18815E-136	-0.09394	6.02402E-115	0.05677	6.95627E-96	0.14563	1.88196E-133
HOXD10_MA1506.1	HOXD10	MA1506.1	C_HOXC10	6377	0.24976	1216	0.25093	1152	0.25002	1188	0.25167	1155	0.07392	9.23175E-77	0.03912	7.12103E-51	0.11016	1.30945E-93	-0.04131	1.42620E-53	0.04587	7.67005E-64	0.08699	1.32288E-83
RARGvar.3_MA1553.1	RARG(var.3)	MA1553.1	C_RXRG(var.2)	7588	0.34358	1913	0.34756	1897	0.34526	1876	0.34776	1868	-0.01542	7.36067E-29	0.01443	1.64720E-19	-0.01107	9.74507E-21	0.02839	4.97379E-43	0.0	8.15759E-01	-0.02524	3.48942E-44
VENTX_MA0724.1	VENTX	MA0724.1	C_VENTX	5904	0.2686	1117	0.27203	1084	0.26794	1070	0.26666	1022	0.03108	9.85033E-45	0.05088	1.18337E-63	0.1133	9.52020E-97	0.01294	1.91852E-18	0.08868	1.87264E-86	0.08201	3.42836E-83
MNT_MA0825.1	MNT	MA0825.1	C_MNT	8606	0.57975	3352	0.58607	3350	0.57451	3285	0.57724	3242	-0.02159	5.05962E-40	0.04794	2.10642E-68	0.06517	2.10184E-81	0.06538	1.53271E-81	0.08683	1.10784E-93	0.03224	4.68310E-52
RORAvar.2_MA0072.1	RORA(var.2)	MA0072.1	C_RORA(var.2)	13108	0.24702	2396	0.24665	2337	0.24852	2338	0.24722	2271	0.03209	2.50124E-64	-0.00063	1.98129E-01	0.05197	1.64764E-84	-0.0338	2.39258E-67	0.0237	9.91562E-49	0.05661	3.86563E-88
ZFP42_MA1651.1	ZFP42	MA1651.1	C_ZFP42	18241	0.41145	5528	0.42335	5472	0.4181	5432	0.42815	5397	-0.0026	7.23603E-04	0.00696	5.95393E-14	0.01824	5.30541E-43	0.00853	1.44954E-18	0.01924	3.94510E-45	0.01311	3.32872E-31
PLAG1_MA0163.1	PLAG1	MA0163.1	C_PLAG1	35512	0.43805	12002	0.4457	12226	0.44098	11873	0.45562	12225	-0.05618	1.37916E-107	-0.00692	2.56443E-21	-0.0939	4.16296E-123	0.05083	5.11616E-97	-0.05042	1.60552E-96	-0.0992	1.83769E-125
NKX6-1_MA0674.1	NKX6-1	MA0674.1	C_EMX1	9611	0.1916	1294	0.19248	1279	0.1926	1285	0.19168	1205	0.05117	6.39611E-72	0.02688	3.43129E-47	0.08807	4.33790E-94	-0.02865	3.18803E-50	0.043	1.38579E-63	0.07261	3.25001E-86
Tcf12_MA0521.1	Tcf12	MA0521.1	C_Tcf12	32749	0.36283	9218	0.36333	9086	0.36723	9112	0.37079	9004	0.00902	1.91991E-29	-0.0199	2.66971E-55	-0.01763	1.87266E-50	-0.02744	1.59191E-68	-0.02901	7.45756E-71	-0.00429	3.05506E-09
MITF_MA0620.3	MITF	MA0620.3	C_USF2	10253	0.44585	3096	0.44068	2952	0.43706	2932	0.42754	2734	0.08224	5.09619E-101	0.10746	1.94793E-112	0.24526	7.96456E-148	0.00987	8.69004E-21	0.19052	1.16016E-131	0.18898	1.24402E-136
PPARD_MA1550.1	PPARD	MA1550.1	C_PPARD	18420	0.2984	3971	0.2988	3852	0.29801	3856	0.30002	3763	0.02191	5.18662E-53	0.02291	6.60288E-55	0.03979	8.36008E-79	-0.00233	2.55215E-04	0.02011	2.12386E-49	0.02402	6.32960E-57
FOXO3_MA0157.2	FOXO3	MA0157.2	C_Foxj3	16122	0.23199	2688	0.23656	2620	0.23587	2634	0.24268	2631	-0.01438	2.30443E-35	-0.00604	4.43731E-13	0.00652	9.15458E-13	0.00894	1.09465E-19	0.01774	1.05684E-41	0.0111	1.14133E-25
Rarb_MA0857.1	Rarb	MA0857.1	C_Rarb	19777	0.25374	3717	0.25423	3683	0.25531	3657	0.25539	3550	0.00875	1.22524E-22	-0.00833	1.20115E-17	0.01311	1.75779E-37	-0.01684	4.20336E-45	0.00379	6.36454E-08	0.02025	1.34178E-52
HOXD13_MA0909.2	HOXD13	MA0909.2	C_HOXA13	11962	0.27784	2330	0.28116	2269	0.28104	2302	0.28514	2183	0.05186	1.59031E-72	0.01272	1.40646E-18	0.07246	5.39535E-87	-0.04207	1.92240E-67	0.02645	5.47115E-54	0.06736	7.88855E-84
SIX2_MA1119.1	SIX2	MA1119.1	C_SIX2	19475	0.24767	3664	0.24724	3533	0.24807	3560	0.24484	3399	0.04306	3.56254E-83	0.03044	1.38633E-68	0.10962	5.60764E-117	-0.01703	5.97081E-47	0.07356	4.85282E-106	0.094	1.44200E-116
BATF_MA1634.1	BATF	MA1634.1	C_Smad2::Smad3	25506	0.34581	6895	0.32399	6350	0.34177	6713	0.3162	6032	0.20726	3.65804E-156	0.06476	6.71190E-101	0.27889	6.44317E-169	-0.15642	4.61204E-144	0.11039	3.29015E-123	0.25639	1.46253E-159
DUXA_MA0884.1	DUXA	MA0884.1	C_DUXA	14863	0.25959	2572	0.25849	2475	0.25739	2456	0.25326	2303	0.0604	9.31137E-91	0.06098	1.40033E-85	0.15931	9.48772E-132	-0.00796	9.47600E-12	0.11072	9.40112E-117	0.12468	1.23698E-115
JUNJUNBvar.2_MA1133.1	JUN::JUNB(var.2)	MA1133.1	C_FOSL1::JUN(var.2)	7444	0.57908	2511	0.59632	2545	0.59047	2493	0.60515	2508	0.0164	2.92346E-21	0.00743	7.63416E-11	0.04036	4.19062E-52	-0.01076	2.57434E-11	0.02594	1.51720E-35	0.03763	7.33842E-54
PAX3var.2_MA1546.1	PAX3(var.2)	MA1546.1	C_PAX3(var.2)	4478	0.36506	1208	0.37179	1200	0.36896	1201	0.37198	1182	0.02367	4.09452E-35	0.03253	1.88128E-45	0.06638	3.55254E-72	0.00453	6.80376E-07	0.0472	6.12429E-59	0.0458	8.34070E-58
Ar_MA0007.3	Ar	MA0007.3	C_NR3C1	7540	0.31873	1825	0.32157	1790	0.32194	1782	0.32497	1759	-0.00135	5.14262E-01	-0.00542	8.83278E-07	0.00792	5.12978E-11	-0.00382	2.69497E-04	0.00736	3.62825E-09	0.01209	1.81904E-18
FOXK2_MA1103.2	FOXK2	MA1103.2	C_Foxj3	21305	0.22685	3438	0.22975	3331	0.22968	3380	0.23476	3298	-0.00802	2.11210E-20	0.00312	1.76091E-05	0.01916	1.13568E-48	0.01059	5.11243E-28	0.0252	1.33864E-55	0.01732	7.39818E-45
POU2F3_MA0627.2	POU2F3	MA0627.2	C_POU2F3	23110	0.22337	3463	0.22635	3407	0.2254	3467	0.22711	3346	0.03209	8.76063E-72	0.02156	3.83049E-53	0.07217	4.25341E-102	-0.01417	3.96556E-34	0.04397	2.09340E-82	0.06003	2.29110E-94
Foxj2_MA0614.1	Foxj2	MA0614.1	C_Foxj3	14660	0.2186	2237	0.22033	2163	0.21814	2160	0.21895	2056	0.01383	7.21616E-31	0.04021	6.77783E-73	0.09055	1.21234E-107	0.02156	2.83432E-47	0.08088	1.64447E-94	0.0655	1.02830E-93
Nkx2-5var.2_MA0503.1	Nkx2-5(var.2)	MA0503.1	C_Nkx2-5(var.2)	21651	0.30887	4875	0.31004	4820	0.31152	4804	0.31427	4762	0.0012	3.81764E-01	-0.00876	3.19521E-25	-0.01101	1.81705E-28	-0.00947	6.16901E-24	-0.0148	1.81588E-38	-0.00601	1.83973E-16
FOXK1_MA0852.2	FOXK1	MA0852.2	C_Foxj3	20885	0.23729	3556	0.24073	3453	0.2403	3533	0.24513	3407	-0.00285	8.62556E-04	0.00438	4.49364E-07	0.02146	1.89368E-46	0.00645	3.29246E-12	0.02287	2.72783E-57	0.01873	1.99321E-41
GATA4_MA0482.2	GATA4	MA0482.2	C_GATA6	40941	0.35633	11248	0.34429	10522	0.35103	10767	0.33298	9774	0.13866	1.31295E-149	0.1065	1.35941E-135	0.27877	7.08378E-177	-0.04742	1.05878E-100	0.17221	4.65176E-153	0.22436	1.49546E-167
SCRT1_MA0743.2	SCRT1	MA0743.2	C_SCRT1	14395	0.27034	3009	0.27483	3035	0.27427	3020	0.28021	3034	-0.00997	1.17016E-21	-0.01828	8.14352E-41	-0.04066	3.04062E-72	-0.00655	1.65089E-12	-0.03588	3.06339E-67	-0.0308	6.90631E-61
CREM_MA0609.2	CREM	MA0609.2	C_FOSL1::JUN(var.2)	6468	0.6694	2526	0.68771	2557	0.68138	2520	0.69739	2547	-0.00559	1.51222E-07	-0.01576	1.44430E-25	0.00774	2.81615E-07	-0.00866	7.82529E-13	0.01115	3.85591E-13	0.02039	2.02213E-29
NFYC_MA1644.1	NFYC	MA1644.1	C_NFYA	17300	0.71408	5622	0.75167	5677	0.7314	5552	0.76513	5541	-0.13079	9.89737E-123	-0.02277	9.21084E-51	-0.08365	9.69422E-104	0.11312	4.51877E-116	0.0276	2.55461E-56	-0.07552	2.02367E-99
HOXC13_MA0907.1	HOXC13	MA0907.1	C_HOXC13	10397	0.22656	1647	0.2279	1589	0.22591	1597	0.22848	1561	0.03184	6.34617E-56	0.05285	9.26524E-77	0.09701	1.57159E-102	0.01407	1.57638E-26	0.07047	1.05359E-85	0.06125	5.70349E-83
TP63_MA0525.2	TP63	MA0525.2	C_TP63	6780	0.31477	1424	0.31923	1386	0.31726	1400	0.32201	1340	0.01856	6.43595E-25	0.01799	5.43772E-24	0.0466	1.43243E-58	-0.0034	9.56705E-04	0.02937	1.77771E-40	0.03484	5.70628E-47
NFIB_MA1643.1	NFIB	MA1643.1	C_NFIB	27976	0.38857	8477	0.38294	8192	0.38606	8241	0.38207	7953	0.05028	2.99284E-90	0.03742	1.65405E-77	0.08048	1.28681E-110	-0.01839	3.16446E-52	0.03853	5.14815E-84	0.0577	3.31533E-96
HSF1_MA0486.2	HSF1	MA0486.2	C_HSF2	11285	0.26094	2172	0.26349	2157	0.26409	2183	0.26784	2117	0.03189	7.70703E-59	0.00574	2.47042E-09	0.02936	1.46790E-55	-0.02802	1.46572E-53	-0.00041	1.16949E-01	0.02631	2.81499E-51
NRL_MA0842.2	NRL	MA0842.2	C_MAFF	15458	0.27224	3107	0.26987	3001	0.27244	2990	0.2681	2863	0.05573	2.11217E-90	0.0336	2.15525E-69	0.11588	1.74294E-121	-0.02726	4.81427E-60	0.06994	5.42164E-100	0.09907	8.52172E-115
Bach1Mafk_MA0591.1	Bach1::Mafk	MA0591.1	C_BACH1	23187	0.39015	6888	0.38105	6635	0.39252	6815	0.38422	6528	0.0914	3.32059E-110	0.00428	2.95781E-07	0.10013	4.10441E-114	-0.09039	6.23843E-110	0.02322	6.28475E-53	0.1067	7.74269E-117
MYBL1_MA0776.1	MYBL1	MA0776.1	C_MYBL1	2400	0.37585	694	0.38211	676	0.37272	682	0.3794	664	0.03844	4.36719E-37	0.06437	3.49861E-56	0.11318	4.19574E-79	0.01776	1.05696E-15	0.0828	3.03720E-66	0.07129	3.19547E-60
STAT1STAT2_MA0517.1	STAT1::STAT2	MA0517.1	C_IRF1	47695	0.23879	8711	0.23755	8326	0.23892	8501	0.23787	8087	0.08357	5.63756E-127	0.04691	1.55336E-103	0.1245	1.01740E-145	-0.04396	6.05246E-100	0.05295	9.94452E-108	0.09654	5.71504E-131
HES7_MA0822.1	HES7	MA0822.1	C_HES5	6723	0.45286	2181	0.45893	2171	0.45401	2160	0.46125	2194	-0.0221	4.47456E-31	-0.00728	9.44351E-07	-0.02569	3.09874E-36	0.01578	3.18212E-23	-0.00933	1.03489E-10	-0.02358	2.95292E-33
MAX_MA0058.3	MAX	MA0058.3	C_MNT	8321	0.56775	3243	0.57262	3244	0.56152	3164	0.56419	3131	-0.02076	3.45054E-36	0.0595	1.30312E-77	0.06845	1.79519E-83	0.0751	2.26297E-87	0.0897	1.65000E-94	0.02644	3.13620E-45
Gmeb1_MA0615.1	Gmeb1	MA0615.1	C_Gmeb1	1561	0.63948	603	0.67073	606	0.65525	602	0.676	597	-0.03617	2.81185E-24	0.00526	1.61496E-01	-0.02074	2.68893E-12	0.04219	1.01079E-26	0.00904	6.59239E-03	-0.0283	3.16325E-18
E2F1_MA0024.3	E2F1	MA0024.3	C_E2F4	2569	0.61235	1212	0.63053	1221	0.62037	1176	0.63776	1179	-0.02287	8.78833E-19	0.01906	2.08586E-13	0.00564	2.56319E-02	0.04025	1.39914E-33	0.0243	1.06543E-18	-0.01091	4.32690E-07
SOX4_MA0867.2	SOX4	MA0867.2	C_SOX4	26860	0.23403	4548	0.23207	4306	0.23035	4359	0.2247	3977	0.04211	6.52100E-85	0.06453	2.81441E-102	0.14056	1.28503E-135	0.01416	1.57308E-40	0.10753	3.45139E-126	0.1	5.18902E-121
SNAI2_MA0745.2	SNAI2	MA0745.2	C_TCF3	21160	0.26169	4308	0.27259	4488	0.26898	4369	0.28528	4620	-0.11215	4.06140E-122	-0.08297	9.17011E-109	-0.21717	3.48019E-150	0.03937	4.53940E-78	-0.12693	1.95493E-127	-0.17029	1.03196E-139
THRB_MA1574.1	THRB	MA1574.1	C_PPARD	17784	0.33831	4426	0.34171	4349	0.34	4316	0.34343	4291	0.0059	1.35011E-10	0.00972	5.47707E-21	0.00921	1.31600E-19	0.00223	5.79850E-03	0.00222	6.01301E-03	0.00107	2.79647E-01
HMBOX1_MA0895.1	HMBOX1	MA0895.1	C_HMBOX1	6911	0.27951	1369	0.28575	1351	0.2849	1363	0.28973	1313	0.03376	4.05717E-48	0.01254	9.48135E-17	0.04747	5.53221E-62	-0.02358	5.46444E-36	0.01714	8.02587E-25	0.04064	2.17022E-55
Nfe2l2_MA0150.2	Nfe2l2	MA0150.2	C_BACH1	23867	0.3436	6329	0.33378	6031	0.34562	6236	0.33641	5933	0.10057	6.00057E-122	0.01154	3.58911E-34	0.11359	3.64748E-127	-0.09361	7.33011E-119	0.02922	1.05956E-64	0.11604	4.43867E-128
NFATC3_MA0625.1	NFATC3	MA0625.1	C_NFATC3	22062	0.24503	4028	0.24549	3848	0.24619	3913	0.2453	3721	0.05088	1.64629E-89	0.0311	5.73816E-73	0.09573	1.89270E-121	-0.02465	1.48495E-56	0.05199	4.66697E-95	0.07794	2.71169E-107
FOSBJUNB_MA1135.1	FOSB::JUNB	MA1135.1	C_Smad2::Smad3	20633	0.36346	5807	0.33971	5315	0.3594	5661	0.3309	5054	0.22947	7.31443E-153	0.06847	1.24941E-98	0.30217	9.39350E-165	-0.17581	4.70494E-142	0.11705	1.04391E-123	0.28011	1.70832E-158
NHLH2_MA1529.1	NHLH2	MA1529.1	C_NHLH2	18730	0.43397	6428	0.43736	6400	0.4367	6319	0.44626	6426	-0.00398	7.60532E-08	-0.00399	7.16398E-08	-0.05371	1.22193E-87	0.0001	7.38692E-01	-0.05535	6.68196E-89	-0.05724	2.59492E-90
TFAP2C_MA0524.2	TFAP2C	MA0524.2	C_TFAP2A(var.2)	18472	0.43988	6224	0.4433	6185	0.44098	6172	0.45164	6222	-0.02429	1.11490E-58	0.00222	1.32075E-02	-0.06374	2.60883E-98	0.02642	1.61116E-60	-0.04737	7.51488E-86	-0.07329	3.26590E-104
E2F4_MA0470.2	E2F4	MA0470.2	C_E2F4	3132	0.59781	1420	0.61349	1417	0.60519	1378	0.62345	1400	-0.0155	1.02547E-09	0.02409	1.47103E-23	-0.00104	5.91014E-01	0.03729	2.69043E-36	0.01069	4.12812E-09	-0.02231	4.44542E-17
JUND_MA0491.2	JUND	MA0491.2	C_Smad2::Smad3	23271	0.33769	5998	0.31666	5495	0.3335	5801	0.30639	5185	0.20053	1.25416E-148	0.07752	2.97978E-105	0.29723	1.50767E-165	-0.13744	3.06827E-129	0.13454	7.40427E-134	0.26532	9.22385E-158
REL_MA0101.1	REL	MA0101.1	C_REL	13037	0.37265	3602	0.38039	3625	0.37604	3585	0.38328	3569	-0.02641	2.44248E-49	-0.00099	1.01102E-01	-0.01363	4.13843E-27	0.02573	1.22173E-46	0.00729	2.48335E-10	-0.0153	1.53386E-30
STAT1_MA0137.3	STAT1	MA0137.3	C_Stat4	22108	0.30779	4939	0.31311	4933	0.312	4877	0.31589	4777	0.005	1.68536E-16	0.00136	6.20201E-05	0.03329	1.33910E-75	-0.0043	7.59641E-06	0.02811	3.04873E-69	0.03417	1.20320E-76
CUX2_MA0755.1	CUX2	MA0755.1	C_ONECUT1	4542	0.24172	712	0.23508	701	0.23658	688	0.22751	654	0.06843	2.80850E-68	0.04558	1.33991E-51	0.15216	2.59833E-102	-0.02949	3.66878E-38	0.09543	2.45335E-82	0.12825	5.67070E-95
ZNF682_MA1599.1	ZNF682	MA1599.1	C_ZNF682	28879	0.54783	10708	0.55042	10735	0.5456	10601	0.55437	10683	-0.0253	5.98174E-66	-0.00326	1.38412E-07	-0.04805	1.77974E-95	0.02265	1.84640E-64	-0.03056	2.41318E-76	-0.05196	8.25206E-99
JUNDvar.2_MA0492.1	JUND(var.2)	MA0492.1	C_FOSL1::JUN(var.2)	15863	0.36171	3843	0.36598	3780	0.36653	3780	0.36818	3679	0.04133	5.96141E-74	-0.00379	2.12906E-04	0.07779	1.47062E-100	-0.04605	4.62210E-76	0.04353	1.96545E-78	0.08829	2.01369E-104
BARX1_MA0875.1	BARX1	MA0875.1	C_Dlx3	7806	0.25072	1348	0.25562	1305	0.2533	1326	0.25359	1245	0.03036	1.74420E-50	0.02129	9.16280E-38	0.10015	5.97063E-99	-0.01246	8.42404E-19	0.07445	1.68808E-86	0.09105	6.17456E-95
Six3_MA0631.1	Six3	MA0631.1	C_Six3	8971	0.22716	1448	0.22725	1417	0.22822	1413	0.22889	1361	0.02408	3.70863E-40	0.00607	1.69222E-08	0.04557	3.46043E-64	-0.01979	7.31773E-34	0.02403	4.37722E-40	0.04387	1.13037E-62
HIF1A_MA1106.1	HIF1A	MA1106.1	C_HIF1A	5055	0.546	1987	0.55668	2001	0.5417	1968	0.55128	1942	-0.03243	6.28992E-39	0.04091	4.52078E-49	0.03194	3.89106E-40	0.06971	5.85520E-70	0.06027	4.27783E-64	0.00102	1.71589E-01
ZNF143_MA0088.2	ZNF143	MA0088.2	C_ZNF143	16091	0.40779	4164	0.41419	4099	0.41132	4113	0.41707	3982	0.02233	2.18511E-52	0.00768	1.77510E-18	0.01837	4.80654E-45	-0.01638	1.33106E-39	-0.00291	7.07061E-07	0.01284	1.16728E-32
PROP1_MA0715.1	PROP1	MA0715.1	C_PHOX2B	17508	0.17227	1955	0.17161	1901	0.17105	1914	0.16879	1801	0.04351	1.82933E-79	0.04884	4.91584E-84	0.11781	5.55410E-129	-0.0014	9.43946E-01	0.07965	3.70031E-99	0.08664	8.07735E-108
ARNTHIF1A_MA0259.1	ARNT::HIF1A	MA0259.1	C_HIF1A	4092	0.51828	1478	0.52746	1471	0.51443	1465	0.52619	1440	-0.02623	1.40466E-29	0.03857	6.90330E-42	0.03853	7.52548E-42	0.06129	1.34963E-59	0.06144	1.07808E-59	0.01041	5.11853E-09
FOSL2_MA0478.1	FOSL2	MA0478.1	C_Smad2::Smad3	27518	0.34203	7340	0.32348	6832	0.33933	7172	0.31816	6546	0.16826	1.11551E-141	0.04325	5.84434E-83	0.21442	4.09423E-152	-0.13479	4.03591E-133	0.07622	2.95297E-118	0.202	8.54662E-150
LIN54_MA0619.1	LIN54	MA0619.1	C_LIN54	19715	0.20576	2812	0.20633	2766	0.20581	2751	0.20554	2660	0.05909	2.38284E-92	0.04004	3.22468E-76	0.10857	4.73855E-118	-0.02517	1.93294E-55	0.05685	2.22466E-98	0.08409	3.29262E-107
CEBPGvar.2_MA1636.1	CEBPG(var.2)	MA1636.1	C_CEBPG(var.2)	16960	0.23634	2839	0.23747	2759	0.23991	2785	0.24056	2705	0.05137	1.60360E-76	-0.0065	3.50835E-09	0.06508	2.30706E-86	-0.05881	1.78778E-81	0.02006	2.38793E-41	0.07576	9.58180E-93
IRF4_MA1419.1	IRF4	MA1419.1	C_IRF1	10442	0.30056	2400	0.30445	2357	0.30358	2371	0.30541	2303	0.05836	3.85694E-78	0.03921	2.16889E-62	0.10316	1.26549E-101	-0.02523	1.52474E-40	0.05269	8.84597E-73	0.07953	3.63218E-90
NOTO_MA0710.1	NOTO	MA0710.1	C_LBX1	7836	0.22144	1180	0.22673	1221	0.22463	1182	0.22735	1138	0.01633	3.89693E-30	0.0142	1.01375E-22	0.04871	7.59272E-67	-0.00444	9.37535E-05	0.03333	1.18264E-51	0.04014	5.34360E-59
ZNF410_MA0752.1	ZNF410	MA0752.1	C_ZNF410	10667	0.24611	1835	0.24686	1750	0.24848	1754	0.24901	1710	0.0446	1.64971E-66	0.01486	2.15572E-26	0.06119	1.34354E-79	-0.03283	4.02509E-54	0.02197	3.80225E-39	0.05428	1.32642E-74
ZBTB6_MA1581.1	ZBTB6	MA1581.1	C_ZBTB6	29000	0.34858	7743	0.35228	7692	0.35183	7683	0.3606	7648	-0.02395	2.03068E-71	-0.02732	5.66289E-77	-0.06968	4.56843E-117	-0.0003	8.25525E-01	-0.0539	2.01341E-101	-0.05549	2.86149E-107
GLIS1_MA0735.1	GLIS1	MA0735.1	C_GLIS1	7782	0.46056	2594	0.47105	2622	0.46088	2582	0.47766	2611	-0.05869	2.03087E-68	-0.00905	1.25340E-11	-0.08782	5.46058E-85	0.05114	2.03093E-61	-0.0421	2.89554E-55	-0.09045	3.21305E-86
PKNOX2_MA0783.1	PKNOX2	MA0783.1	C_PKNOX2	15873	0.27159	3220	0.2728	3195	0.27321	3149	0.27554	3108	0.001	6.69563E-03	-0.02224	2.06444E-46	-0.01449	2.49298E-30	-0.02133	9.36717E-45	-0.01824	1.06632E-45	0.00125	2.58882E-01
ZIC4_MA0751.1	ZIC4	MA0751.1	C_ZIC5	19948	0.47992	7542	0.48552	7568	0.48004	7420	0.49336	7636	-0.02453	3.48103E-53	0.01579	5.54471E-36	-0.05434	1.51040E-85	0.03911	2.24731E-71	-0.03715	7.16581E-75	-0.0747	5.65585E-99
HAND2_MA1638.1	HAND2	MA1638.1	C_NEUROD1	25383	0.29992	5911	0.30022	5763	0.3021	5844	0.30092	5594	0.02222	1.88776E-57	0.0041	1.25025E-07	0.05242	1.24416E-93	-0.01942	2.81158E-54	0.03301	6.24571E-71	0.05316	3.11858E-94
PAX7_MA0680.1	PAX7	MA0680.1	C_PAX7	7889	0.18196	925	0.18333	871	0.17897	880	0.1766	805	0.00887	3.73667E-15	0.07138	7.03438E-84	0.11613	3.34503E-105	0.05431	2.37924E-72	0.10859	2.75740E-95	0.06567	2.39688E-80
ZNF740_MA0753.2	ZNF740	MA0753.2	C_ZNF740	37052	0.52211	14324	0.53069	14401	0.52646	14268	0.53782	14404	-0.05145	3.33267E-101	-0.00522	1.22545E-16	-0.04125	8.02918E-87	0.04778	8.79529E-92	0.00015	1.07376E-01	-0.04279	2.40670E-88
NFKB1_MA0105.4	NFKB1	MA0105.4	C_NFKB2	10202	0.32909	2618	0.3351	2662	0.33358	2591	0.34253	2617	-0.06832	3.73468E-91	-0.01976	1.49615E-39	-0.09375	9.92133E-103	0.05193	8.06848E-78	-0.03893	7.84890E-66	-0.08744	9.21949E-100
RAX_MA0718.1	RAX	MA0718.1	C_LHX9	8412	0.22249	1242	0.22607	1207	0.2252	1226	0.22537	1164	0.05135	4.58211E-68	0.02332	6.96969E-42	0.09258	1.74836E-98	-0.03208	2.27582E-55	0.04728	2.75727E-65	0.08079	1.14063E-92
POU2F2_MA0507.1	POU2F2	MA0507.1	C_POU2F3	24018	0.21741	3439	0.21966	3387	0.21843	3394	0.22024	3256	0.03905	2.47948E-81	0.02923	8.06196E-70	0.07483	1.40746E-108	-0.01439	3.73617E-38	0.04051	3.86097E-81	0.05658	7.49158E-97
USF1_MA0093.3	USF1	MA0093.3	C_USF2	18362	0.38611	5009	0.38166	4817	0.3797	4789	0.37224	4496	0.06466	7.74110E-92	0.06903	1.31900E-94	0.1722	1.22962E-133	-0.00555	9.62401E-10	0.12565	1.74509E-122	0.13646	1.14419E-123
Sox17_MA0078.1	Sox17	MA0078.1	C_Sox17	12317	0.24724	2234	0.24139	2111	0.24366	2122	0.23563	1971	0.10125	3.04202E-106	0.05432	1.91219E-81	0.17122	4.38262E-131	-0.05604	7.41931E-85	0.08747	4.99976E-100	0.14438	1.03744E-123
TGIF2_MA0797.1	TGIF2	MA0797.1	C_PKNOX2	13485	0.27653	2793	0.27806	2781	0.27802	2734	0.28065	2720	-0.0003	1.01553E-01	-0.02228	1.12929E-44	-0.01137	4.53493E-24	-0.02	6.16240E-41	-0.01381	2.67165E-29	0.00464	4.81007E-04
Ptf1avar.2_MA1619.1	Ptf1a(var.2)	MA1619.1	C_MYF5	17002	0.35931	4655	0.35903	4573	0.36466	4636	0.36449	4463	0.0249	2.41516E-57	-0.01916	3.23636E-46	0.01729	1.70555E-43	-0.04315	3.59837E-79	-0.00628	5.08602E-13	0.03365	1.94923E-69
MYB_MA0100.3	MYB	MA0100.3	C_MYB	14447	0.32195	3474	0.31868	3408	0.31849	3418	0.31017	3211	0.06079	1.93436E-84	0.04491	7.69846E-72	0.13233	1.86289E-117	-0.02244	6.54220E-44	0.08358	7.02257E-98	0.10878	4.33405E-109
POU6F2_MA0793.1	POU6F2	MA0793.1	C_POU6F2	11720	0.21808	1826	0.21958	1818	0.21914	1827	0.21888	1722	0.04304	1.22995E-70	0.03948	4.01561E-67	0.08712	4.40821E-100	-0.00917	4.29043E-16	0.04957	8.91635E-77	0.06121	3.24166E-85
THAP11_MA1573.1	THAP11	MA1573.1	C_THAP11	21550	0.4872	6564	0.4973	6526	0.49515	6531	0.50657	6458	-0.00517	5.34816E-12	-0.0083	2.96813E-21	-0.01144	5.59960E-30	-0.00256	4.43603E-05	-0.00955	1.26135E-25	-0.00684	4.51993E-23
Creb3l2_MA0608.1	Creb3l2	MA0608.1	C_Creb3l2	7401	0.62648	3059	0.63515	3059	0.62299	3008	0.63437	2995	-0.01171	3.16401E-19	0.04551	3.38442E-64	0.03412	1.44506E-52	0.05291	1.98319E-70	0.04484	1.37529E-63	-0.00087	2.20735E-01
NKX2-2_MA1645.1	NKX2-2	MA1645.1	C_NKX2-2	20130	0.29249	4222	0.29532	4163	0.29497	4115	0.2987	4069	-0.00848	3.14514E-22	-0.00843	4.46860E-22	-0.01445	1.54458E-38	0.00071	5.03438E-01	-0.00973	5.77254E-26	-0.01009	5.16066E-27
RORC_MA1151.1	RORC	MA1151.1	C_RORA(var.2)	11655	0.24837	2154	0.24849	2098	0.25085	2100	0.24957	2037	0.03269	1.01350E-55	0.00319	3.00175E-02	0.05303	5.63442E-76	-0.03086	3.32353E-56	0.02443	5.96667E-49	0.05442	4.46430E-77
NR1H2RXRA_MA0115.1	NR1H2::RXRA	MA0115.1	C_NR1H2::RXRA	17012	0.27572	3401	0.27684	3233	0.27527	3249	0.27502	3087	-0.00156	8.43283E-04	0.03122	9.36378E-62	0.0585	1.62580E-88	0.02912	6.17197E-58	0.06065	8.21307E-88	0.03783	7.45215E-70
ZNF282_MA1154.1	ZNF282	MA1154.1	C_ZNF282	17679	0.29501	3796	0.29978	3782	0.29792	3760	0.30162	3700	-0.01618	1.44264E-39	0.00785	1.14015E-17	0.01485	2.80606E-36	0.02317	8.79420E-53	0.02782	1.68027E-65	0.00871	3.61348E-20
NR2F1_MA0017.2	NR2F1	MA0017.2	C_NR2F1	24325	0.28952	5116	0.2901	5087	0.2893	5036	0.29185	4988	-0.01496	3.77895E-38	0.0021	6.29209E-02	-0.00894	9.30905E-25	0.0168	4.41792E-41	0.0019	1.13407E-01	-0.01267	6.37156E-35
Sox1_MA0870.1	Sox1	MA0870.1	C_SOX21	11888	0.22975	1990	0.22788	1911	0.22954	1919	0.22692	1800	0.06448	6.73311E-86	0.03724	1.30653E-63	0.11713	2.79115E-104	-0.0339	2.07919E-57	0.06241	4.95070E-78	0.09742	3.64142E-103
BATFJUN_MA0462.2	BATF::JUN	MA0462.2	C_Smad2::Smad3	25547	0.34591	6912	0.32413	6365	0.34194	6731	0.31634	6046	0.2059	2.77601E-152	0.06383	5.44625E-105	0.27804	3.51935E-165	-0.15584	3.05754E-140	0.11071	4.42722E-126	0.25618	4.33886E-164
THRBvar.3_MA1576.1	THRB(var.3)	MA1576.1	C_THRB(var.3)	18168	0.32409	4275	0.33022	4271	0.32916	4260	0.3351	4244	-0.03389	8.53858E-67	-0.02535	1.40143E-54	-0.04055	1.82436E-74	0.01163	5.70327E-32	-0.01436	2.64146E-32	-0.02501	5.08130E-54
LHX9_MA0701.2	LHX9	MA0701.2	C_LHX9	7488	0.23221	1148	0.23805	1166	0.23471	1142	0.23756	1114	0.01699	8.82865E-26	0.02492	2.65082E-38	0.05645	2.84093E-70	0.00432	7.18606E-04	0.04106	2.67664E-57	0.04	2.96097E-56
CDX2_MA0465.2	CDX2	MA0465.2	C_HOXA10	23066	0.20347	3271	0.20444	3177	0.20492	3199	0.20389	2999	0.05115	4.60303E-90	0.01884	1.08858E-46	0.10193	4.29970E-125	-0.036	9.68429E-76	0.05706	2.58653E-100	0.09405	2.09744E-114
ZNF274_MA1592.1	ZNF274	MA1592.1	C_ZNF274	14659	0.29844	3271	0.30087	3240	0.29943	3160	0.30039	3100	0.00827	2.30576E-13	0.01117	1.68507E-24	0.0543	1.17392E-77	0.00108	3.29361E-01	0.0471	8.38587E-79	0.04913	1.40030E-80
SREBF1var.2_MA0829.2	SREBF1(var.2)	MA0829.2	C_SREBF2(var.2)	11858	0.3468	2805	0.34862	2805	0.34808	2773	0.35059	2725	0.00236	1.20561E-03	0.00805	2.52683E-15	0.02271	1.78428E-44	0.00436	3.57868E-07	0.01964	2.23239E-39	0.01745	2.01111E-35
GFI1_MA0038.2	GFI1	MA0038.2	C_GFI1	15044	0.33257	3138	0.33889	3034	0.33451	3060	0.33847	2947	0.03506	1.21619E-67	0.01854	1.03482E-42	0.06379	1.20705E-92	-0.01972	8.07236E-45	0.03324	1.82962E-65	0.05345	3.53206E-85
Foxj3_MA0851.1	Foxj3	MA0851.1	C_Foxj3	28849	0.19707	3956	0.19946	3837	0.19914	3882	0.20212	3767	0.01203	2.28260E-36	0.00713	3.13808E-21	0.03967	4.26257E-85	-0.00632	3.79234E-19	0.02832	3.61139E-70	0.03627	4.09723E-79
MEIS3_MA0775.1	MEIS3	MA0775.1	C_MEIS3	16331	0.35696	4287	0.35951	4151	0.36233	4213	0.36653	4152	0.03223	1.64786E-63	-0.00731	1.00316E-12	0.00801	3.01478E-18	-0.04003	7.90543E-71	-0.02275	9.27616E-48	0.01374	1.38094E-32
BARHL2_MA0635.1	BARHL2	MA0635.1	C_BARHL2	5772	0.24531	1076	0.24467	1041	0.24435	1048	0.24364	1024	0.04533	1.10456E-55	0.04179	1.66184E-52	0.11319	2.07942E-93	-0.00986	2.03997E-10	0.07575	1.52505E-76	0.08939	1.85135E-83
CREB3L4var.2_MA1475.1	CREB3L4(var.2)	MA1475.1	C_FOSL1::JUN(var.2)	4449	0.92625	2259	0.96029	2289	0.94081	2241	0.97095	2269	-0.02779	3.07372E-34	0.01672	6.01674E-19	0.01403	4.92106E-15	0.04337	5.70198E-50	0.03807	5.24003E-45	0.00075	7.10347E-01
HOXA4_MA1496.1	HOXA4	MA1496.1	C_HOXD4	7914	0.2201	1273	0.22034	1255	0.2207	1258	0.21966	1165	0.0564	1.88288E-73	0.02571	6.50369E-44	0.08862	7.10118E-92	-0.03499	5.71367E-50	0.04	8.98815E-54	0.07458	9.00477E-85
Arid3a_MA0151.1	Arid3a	MA0151.1	C_Arid3a	35291	0.18594	4552	0.18597	4431	0.18696	4509	0.18633	4240	0.06175	1.37470E-107	0.03154	4.31458E-83	0.1012	9.34941E-131	-0.03521	1.53727E-84	0.04677	1.64440E-96	0.08236	1.05690E-123
BHLHA15var.2_MA1472.1	BHLHA15(var.2)	MA1472.1	C_ATOH1(var.2)	23724	0.33791	6064	0.33697	5963	0.34021	5980	0.34138	5806	0.01768	1.89150E-47	0.00052	4.76226E-01	0.02057	1.34141E-53	-0.01803	2.34910E-52	0.00359	4.97991E-05	0.02123	6.71484E-55
MSC_MA0665.1	MSC	MA0665.1	C_MSC	18289	0.31087	4389	0.31217	4280	0.31549	4337	0.31633	4253	0.02761	2.69277E-61	-0.017	2.52464E-43	0.02093	7.91019E-50	-0.044	6.44815E-81	-0.00513	1.56182E-11	0.03593	8.88839E-72
Pou5f1Sox2_MA0142.1	Pou5f1::Sox2	MA0142.1	C_Pou5f1::Sox2	26530	0.20562	3842	0.20515	3743	0.20625	3770	0.20416	3581	0.05498	4.82003E-90	0.03391	7.58440E-76	0.10533	8.30010E-118	-0.02643	3.55825E-67	0.0584	4.17618E-98	0.08597	1.02598E-115
SOX15_MA1152.1	SOX15	MA1152.1	C_SOX15	27451	0.19941	3819	0.1981	3639	0.19754	3702	0.19346	3384	0.05107	2.09846E-91	0.04858	3.55985E-85	0.13643	2.07400E-129	-0.00922	1.48798E-30	0.09391	1.04625E-117	0.10754	1.20552E-128
PAX1_MA0779.1	PAX1	MA0779.1	C_PAX9	5381	0.41879	1632	0.42278	1599	0.42144	1598	0.4271	1608	0.01716	3.50052E-18	0.01545	1.72010E-15	0.01617	1.59897E-22	-0.00423	6.63217E-06	-0.00067	3.09749E-02	0.00397	2.48072E-01
ZBTB12_MA1649.1	ZBTB12	MA1649.1	C_ZBTB12	16410	0.31545	3926	0.32018	3869	0.32045	3870	0.32596	3841	0.00142	1.17836E-01	-0.01153	1.31499E-28	-0.01083	9.41687E-27	-0.01221	2.30233E-30	-0.01486	8.83062E-37	-0.00355	2.01056E-06
SP3_MA0746.2	SP3	MA0746.2	C_KLF9	52955	0.85163	27574	0.86208	27748	0.84599	27367	0.86366	27857	-0.03809	2.58302E-92	0.05939	3.10391E-111	0.00073	1.20886E-01	0.09264	2.85256E-130	0.03301	8.84973E-86	-0.05026	4.21641E-104
FOXN3_MA1489.1	FOXN3	MA1489.1	C_FOXN3	28828	0.20913	4285	0.21159	4151	0.20991	4182	0.21067	4015	0.01377	2.75127E-41	0.02124	3.05094E-62	0.07758	2.60578E-115	0.00453	3.46335E-16	0.06654	6.40628E-105	0.06621	1.24964E-108
POU6F1_MA0628.1	POU6F1	MA0628.1	C_EMX1	6010	0.17999	710	0.18319	728	0.18214	711	0.18207	690	0.0329	1.07416E-48	0.02122	3.29520E-33	0.06943	1.43987E-78	-0.01509	1.41308E-21	0.03949	7.48035E-55	0.05676	2.94214E-70
TCF7L1_MA1421.1	TCF7L1	MA1421.1	C_TCF7L1	22247	0.25224	4167	0.25164	4058	0.25267	4046	0.25019	3875	0.0653	3.69850E-107	0.04112	1.79098E-82	0.1069	1.37303E-123	-0.03045	1.45061E-71	0.05148	1.07901E-91	0.08263	1.75995E-112
Nr2f6_MA0677.1	Nr2f6	MA0677.1	C_PPARD	19242	0.30284	4301	0.30263	4135	0.30111	4141	0.30069	3964	0.01765	1.83221E-38	0.03007	9.13219E-59	0.0555	4.35157E-84	0.0085	3.75531E-15	0.04072	1.55723E-72	0.0359	5.93903E-66
TFAP2Avar.3_MA0872.1	TFAP2A(var.3)	MA0872.1	C_TFAP2C(var.3)	16028	0.48817	5990	0.49565	6017	0.48931	5928	0.50571	6097	-0.0461	7.00496E-79	0.00706	9.99476E-18	-0.07819	2.99364E-102	0.05317	4.91799E-87	-0.04316	8.93146E-77	-0.09398	3.54694E-110
FOSJUND_MA1141.1	FOS::JUND	MA1141.1	C_Smad2::Smad3	22698	0.37128	6478	0.3481	5945	0.36701	6307	0.34006	5650	0.22525	3.06037E-158	0.06691	2.26900E-103	0.29334	1.40810E-169	-0.17275	5.12926E-144	0.11122	5.31727E-128	0.27149	2.00367E-163
GRHL2_MA1105.2	GRHL2	MA1105.2	C_GRHL2	15820	0.24965	3009	0.25022	2940	0.25009	2911	0.2495	2839	0.02601	5.60948E-54	0.02612	2.42591E-56	0.0719	8.83255E-100	-0.00359	1.16592E-09	0.05004	4.34957E-84	0.05651	2.39807E-89
PBX2_MA1113.2	PBX2	MA1113.2	C_PBX2	18521	0.19195	2421	0.18985	2305	0.19082	2387	0.1876	2225	0.06553	3.69960E-93	0.03432	1.26555E-67	0.11258	5.55403E-118	-0.03689	1.80973E-72	0.05523	1.20249E-92	0.09298	4.34279E-108
Rarbvar.2_MA0858.1	Rarb(var.2)	MA0858.1	C_Rarb(var.2)	15166	0.29247	3459	0.29027	3317	0.29181	3344	0.2916	3211	0.04031	8.02132E-75	0.02661	3.33640E-57	0.04506	1.30516E-79	-0.01793	2.09986E-46	0.00977	3.09823E-14	0.02727	3.15825E-58
HOXC10_MA0905.1	HOXC10	MA0905.1	C_HOXC10	7941	0.22182	1284	0.22155	1216	0.2208	1247	0.22229	1197	0.07064	1.35886E-77	0.04675	2.09810E-60	0.10294	1.34610E-93	-0.03126	2.58678E-46	0.04165	7.33227E-59	0.07304	5.27067E-79
BARHL1_MA0877.2	BARHL1	MA0877.2	C_BARHL1	2387	0.41068	682	0.42639	698	0.41718	674	0.42606	692	-0.03627	5.98209E-31	0.01877	1.60717E-17	0.02563	9.17631E-25	0.05363	2.21188E-48	0.05815	2.30427E-47	0.01159	7.21092E-10
ARNT2_MA1464.1	ARNT2	MA1464.1	C_ARNT2	7103	0.66607	2974	0.67359	2959	0.65904	2925	0.66601	2894	-0.00858	1.72887E-10	0.06933	1.69732E-73	0.08839	9.32015E-84	0.07173	6.30121E-75	0.10065	2.77438E-89	0.0406	1.48166E-51
TBXT_MA0009.2	TBXT	MA0009.2	C_TBX19	6123	0.28089	1289	0.28154	1305	0.28271	1296	0.28442	1262	0.02549	3.04429E-38	0.00208	8.05146E-01	0.03687	3.52349E-46	-0.02463	2.28277E-37	0.01361	2.16295E-13	0.03785	3.08461E-47
TBP_MA0108.2	TBP	MA0108.2	C_TBP	11634	0.26056	1987	0.26342	1897	0.26301	1955	0.26735	1844	0.03983	3.45210E-63	0.01323	1.71032E-29	0.05553	1.70607E-85	-0.02931	2.36610E-52	0.02007	1.55523E-36	0.04881	4.79973E-80
Foxq1_MA0040.1	Foxq1	MA0040.1	C_Foxq1	19295	0.20386	2807	0.2057	2721	0.20502	2706	0.20737	2632	0.0253	4.13599E-54	0.02269	5.37136E-56	0.06578	4.38024E-94	-0.00599	1.39372E-14	0.04351	1.37312E-81	0.05193	3.00969E-90
JDP2_MA0655.1	JDP2	MA0655.1	C_Smad2::Smad3	18258	0.315	4395	0.29659	4010	0.31014	4244	0.28466	3738	0.18875	1.05207E-141	0.07869	1.17578E-101	0.29283	1.35237E-160	-0.12391	1.69838E-121	0.14009	6.94042E-129	0.25885	7.45173E-153
E2F6_MA0471.2	E2F6	MA0471.2	C_E2F6	43011	0.58102	17721	0.59179	17841	0.58317	17496	0.60342	17870	-0.02811	7.34153E-80	0.03204	8.50595E-87	-0.04024	1.38508E-96	0.05719	1.84554E-111	-0.0192	1.75537E-64	-0.0723	1.43039E-121
RUNX2_MA0511.2	RUNX2	MA0511.2	C_RUNX1	11830	0.34669	3120	0.32788	2796	0.33593	2984	0.31065	2579	0.24529	1.57752E-144	0.12567	7.50135E-116	0.38575	5.60059E-164	-0.14144	6.47160E-121	0.19669	4.74913E-135	0.32962	3.19978E-157
NR2C2var.2_MA1536.1	NR2C2(var.2)	MA1536.1	C_NR2F1	17237	0.29371	3721	0.29314	3620	0.29327	3601	0.2927	3535	0.01569	3.07537E-36	0.03125	4.26000E-62	0.05318	5.73433E-84	0.01142	3.08034E-26	0.0398	8.57421E-73	0.0318	8.48480E-63
Nkx3-1_MA0124.2	Nkx3-1	MA0124.2	C_Nkx3-2	11346	0.27361	2273	0.27412	2235	0.27474	2262	0.27423	2165	0.03634	2.51882E-53	0.00261	2.75666E-02	0.05611	7.39609E-71	-0.03516	4.26158E-52	0.02397	3.32813E-42	0.05808	2.76656E-72
TBX19_MA0804.1	TBX19	MA0804.1	C_TBX19	6250	0.24953	1184	0.25168	1171	0.25296	1166	0.25322	1117	0.04917	2.45322E-60	0.00607	3.28437E-05	0.07194	2.41346E-78	-0.04518	1.18113E-57	0.02865	4.71485E-41	0.0731	1.01008E-76
MEF2B_MA0660.1	MEF2B	MA0660.1	C_MEF2A	18128	0.19401	2440	0.19493	2392	0.19545	2407	0.19653	2252	0.02905	1.71897E-62	0.0184	1.04388E-40	0.05689	1.51753E-87	-0.01364	1.63080E-37	0.03078	7.56383E-69	0.04568	2.91566E-77
EVX1_MA0887.1	EVX1	MA0887.1	C_Dlx1	6085	0.25048	1095	0.25463	1104	0.25348	1084	0.25269	1018	0.01159	2.72952E-13	0.00674	4.81646E-06	0.08094	1.33817E-79	-0.00624	5.67876E-06	0.07166	1.66034E-74	0.08177	4.99147E-80
PPARARXRA_MA1148.1	PPARA::RXRA	MA1148.1	C_PPARA::RXRA	19059	0.27761	3936	0.27793	3816	0.27755	3854	0.27894	3678	0.03512	8.05250E-71	0.02912	2.42081E-63	0.06683	2.17190E-97	-0.01032	7.77537E-30	0.03635	1.17343E-72	0.04843	5.82198E-84
PITX3_MA0714.1	PITX3	MA0714.1	C_OTX2	10704	0.2586	1838	0.26424	1833	0.26135	1829	0.26457	1770	-0.02178	5.56637E-37	0.02067	1.57417E-39	0.02965	2.20299E-56	0.0398	1.23374E-63	0.0476	6.23788E-70	0.01396	1.71050E-27
ZKSCAN5_MA1652.1	ZKSCAN5	MA1652.1	C_ZKSCAN5	49400	0.36752	13504	0.36811	13356	0.36994	13378	0.37388	13203	0.00652	6.98026E-24	-0.02184	2.74567E-72	-0.01231	4.80265E-50	-0.02664	2.26160E-80	-0.02109	7.14748E-76	0.00318	6.32486E-08
FOXO6_MA0849.1	FOXO6	MA0849.1	C_Foxj3	8334	0.26133	1607	0.26712	1584	0.26737	1599	0.27816	1613	-0.04999	1.99332E-68	-0.0386	4.75631E-58	-0.06759	7.28142E-81	0.01643	2.70337E-26	-0.02808	2.87103E-49	-0.04385	3.98480E-63
BHLHE23_MA0817.1	BHLHE23	MA0817.1	C_Atoh1	8905	0.21534	1299	0.21649	1269	0.21473	1251	0.2145	1214	0.0021	7.99393E-04	0.04346	1.36417E-62	0.08614	1.90664E-95	0.03605	3.72713E-55	0.0849	2.32946E-96	0.05702	1.09389E-73
FOSJUN_MA0099.3	FOS::JUN	MA0099.3	C_Smad2::Smad3	20776	0.36897	5918	0.34481	5441	0.36477	5753	0.33577	5164	0.23076	1.70260E-156	0.07027	5.20103E-99	0.30442	2.14715E-168	-0.17563	1.00936E-144	0.11776	1.23169E-127	0.28076	1.26839E-158
CEBPD_MA0836.2	CEBPD	MA0836.2	C_CEBPA	13946	0.24511	2543	0.24211	2453	0.24463	2433	0.24125	2337	0.09699	6.12744E-108	0.04733	8.36596E-78	0.12622	3.76872E-119	-0.05729	5.42248E-86	0.04252	2.29954E-76	0.09819	1.84092E-108
FOXA2_MA0047.3	FOXA2	MA0047.3	C_Foxj3	19158	0.22206	3050	0.22548	2980	0.226	3023	0.23216	2999	-0.01823	1.74905E-45	-0.01942	7.57411E-48	-0.01254	1.97003E-32	0.00086	3.38166E-01	0.00115	9.58465E-01	0.00121	1.50252E-01
SHOX_MA0630.1	SHOX	MA0630.1	C_LHX9	6888	0.22825	1022	0.23206	1003	0.23025	1005	0.2326	970	0.05368	4.33366E-71	0.04006	3.11112E-59	0.08162	2.72303E-88	-0.01941	1.49502E-30	0.03399	1.63216E-46	0.05492	6.80291E-72
TFAP2Bvar.3_MA0813.1	TFAP2B(var.3)	MA0813.1	C_TFAP2C(var.3)	17739	0.47567	6425	0.48114	6450	0.47662	6354	0.49246	6536	-0.03521	1.15044E-71	-0.00143	2.06054E-03	-0.08199	5.75020E-113	0.03434	3.76696E-75	-0.05699	1.39215E-97	-0.0911	1.91201E-117
DLX5_MA1476.1	DLX5	MA1476.1	C_Dlx2	7901	0.22477	1280	0.22915	1286	0.2274	1275	0.22532	1198	0.02199	3.02279E-38	0.00786	6.79428E-13	0.10447	3.09843E-99	-0.01575	3.27996E-23	0.08546	7.92103E-91	0.10562	1.07417E-99
POU6F1var.2_MA1549.1	POU6F1(var.2)	MA1549.1	C_POU6F2	11391	0.22912	1918	0.23084	1900	0.23106	1877	0.23056	1776	0.03846	1.92677E-63	0.0243	1.90852E-47	0.07882	2.05002E-95	-0.01811	7.83567E-33	0.04581	1.13729E-72	0.06526	1.93416E-87
Atoh1_MA0461.2	Atoh1	MA0461.2	C_Atoh1	10132	0.25729	1941	0.25784	1872	0.25661	1878	0.25721	1810	0.00489	3.32711E-05	0.04646	1.53516E-66	0.07574	2.18254E-88	0.03571	8.07812E-56	0.07176	4.19315E-86	0.04318	1.58679E-63
Tcf21_MA0832.1	Tcf21	MA0832.1	C_Tcf21	13284	0.33069	3403	0.33116	3313	0.33494	3345	0.33505	3263	0.03449	4.42311E-63	-0.00239	1.30732E-02	0.03511	8.45486E-64	-0.03791	1.82462E-66	0.00379	1.13283E-05	0.03954	1.25426E-68
BACH1_MA1633.1	BACH1	MA1633.1	C_BACH1	27007	0.36648	7693	0.35116	7218	0.36577	7508	0.34999	6981	0.13682	3.39400E-137	0.03057	2.00131E-70	0.17446	1.31645E-147	-0.11431	1.91545E-123	0.06241	1.62159E-101	0.16849	4.56969E-143
HOXC11_MA0651.1	HOXC11	MA0651.1	C_HOXC10	6248	0.22806	1076	0.22865	1021	0.22774	1053	0.22868	1016	0.0681	5.78713E-78	0.04209	8.40471E-59	0.10724	9.11705E-97	-0.03287	7.12035E-46	0.04804	5.76477E-58	0.0813	3.04663E-85
BSX_MA0876.1	BSX	MA0876.1	C_Dlx3	7060	0.26626	1280	0.27321	1260	0.27108	1267	0.27229	1207	0.02653	2.43077E-44	0.0087	5.76757E-13	0.06935	9.13559E-83	-0.01956	6.49070E-33	0.04613	6.48364E-66	0.06748	1.27231E-81
SMAD3_MA0795.1	SMAD3	MA0795.1	C_SMAD3	4984	0.30765	1144	0.30819	1102	0.31052	1123	0.31241	1102	0.04465	1.94713E-54	-0.00164	1.53760E-01	0.01662	8.84484E-21	-0.04749	1.92045E-57	-0.02493	8.83189E-34	0.01845	1.32132E-23
Zfx_MA0146.2	Zfx	MA0146.2	C_Zfx	42558	0.543	17066	0.54976	17042	0.54477	16820	0.55851	17186	-0.04312	6.55575E-97	0.00456	2.70499E-14	-0.07529	7.78491E-117	0.04778	2.43301E-101	-0.04283	9.38156E-93	-0.08834	1.09394E-123
POU3F4_MA0789.1	POU3F4	MA0789.1	C_POU1F1	17353	0.2424	2753	0.24788	2736	0.24542	2747	0.24941	2685	-0.00335	7.98371E-04	0.00454	1.69203E-08	0.02504	1.98595E-48	0.00702	1.45938E-14	0.02699	4.83324E-63	0.02256	1.43153E-47
E2F2_MA0864.2	E2F2	MA0864.2	C_E2F4	3588	0.56859	1594	0.57927	1604	0.57955	1574	0.58994	1612	-0.01166	3.09058E-09	0.01092	3.95764E-08	-0.00715	1.12840E-04	0.02142	1.72617E-20	0.00085	6.93331E-01	-0.01818	6.21398E-17
SOHLH2_MA1560.1	SOHLH2	MA1560.1	C_MNT	5065	0.55413	1976	0.56374	1979	0.5495	1943	0.55306	1917	-0.02941	3.59657E-42	0.04977	8.53567E-64	0.04996	6.00038E-64	0.07499	1.38077E-80	0.07685	1.31934E-81	0.01391	1.74964E-20
HNF4G_MA0484.2	HNF4G	MA0484.2	C_HNF4A	18177	0.27993	3811	0.28152	3766	0.28295	3731	0.28501	3708	0.01823	3.52761E-43	-0.01455	6.16825E-39	0.00497	1.36614E-07	-0.03197	2.95448E-68	-0.01336	3.91681E-36	0.01631	6.08735E-39
ZBTB32_MA1580.1	ZBTB32	MA1580.1	C_ZBTB32	12931	0.23376	2247	0.23315	2160	0.23543	2237	0.23302	2105	0.0523	2.62010E-82	0.00165	1.03438E-02	0.06016	3.75941E-88	-0.05205	2.74940E-81	0.01364	1.40554E-31	0.06317	3.37813E-90
FEV_MA0156.2	FEV	MA0156.2	C_FEV	8470	0.84966	4381	0.86605	4337	0.84827	4327	0.86492	4224	0.06016	1.15141E-74	0.08924	1.73315E-91	0.16423	9.92187E-118	0.01812	7.15207E-28	0.11973	4.06686E-104	0.10724	2.23070E-99
ZNF24_MA1124.1	ZNF24	MA1124.1	C_ZNF24	20819	0.23114	3494	0.23101	3374	0.23107	3415	0.23065	3265	0.04936	2.94701E-88	0.02232	2.37002E-56	0.09387	5.63777E-111	-0.03099	4.95637E-67	0.0514	2.15972E-91	0.08313	3.91816E-110
CREB3L4_MA1474.1	CREB3L4	MA1474.1	C_CREB3	7441	0.59223	2928	0.60384	2946	0.59459	2904	0.60645	2900	-0.01832	4.61804E-28	0.01565	8.34873E-27	-0.00026	7.87477E-01	0.03258	8.54573E-52	0.01403	4.98239E-17	-0.01435	2.92880E-22
TEF_MA0843.1	TEF	MA0843.1	C_NFIL3	5467	0.27143	1030	0.27523	1021	0.27567	1013	0.27302	953	0.03869	6.69596E-52	0.02196	3.95054E-28	0.11026	2.46865E-92	-0.02012	1.19974E-26	0.07873	2.28128E-79	0.10175	1.09032E-87
MYOG_MA0500.2	MYOG	MA0500.2	C_Tcf12	19988	0.37533	5806	0.3736	5700	0.37819	5735	0.38027	5610	0.02918	9.09260E-59	-0.00797	1.79089E-20	0.0023	1.43478E-01	-0.03752	6.88781E-72	-0.02618	9.01891E-58	0.00799	4.51306E-14
NFICvar.2_MA1527.1	NFIC(var.2)	MA1527.1	C_NFIB	18126	0.4208	5826	0.41447	5646	0.41665	5663	0.41047	5452	0.06921	8.70408E-96	0.06079	2.51380E-90	0.13645	1.22781E-124	-0.01685	8.98450E-38	0.08111	6.25638E-101	0.10081	9.94125E-112
TFAP4var.2_MA1570.1	TFAP4(var.2)	MA1570.1	C_TFAP4(var.2)	8607	0.27592	1754	0.27542	1747	0.27557	1741	0.27328	1639	0.03595	1.80942E-56	0.01894	4.57125E-36	0.09791	4.00695E-92	-0.0205	2.86334E-38	0.06858	1.40244E-83	0.09113	1.07144E-96
FOSBJUN_MA1127.1	FOSB::JUN	MA1127.1	C_FOSL1::JUN(var.2)	7391	0.58428	2464	0.59905	2494	0.59438	2453	0.60818	2466	0.01095	7.41471E-21	0.00676	5.61999E-09	0.06004	8.37895E-76	-0.00565	4.89315E-06	0.05167	7.10533E-70	0.06006	1.08857E-75
FOSL1JUNvar.2_MA1129.1	FOSL1::JUN(var.2)	MA1129.1	C_FOSL1::JUN(var.2)	4963	0.64423	1731	0.66597	1787	0.65854	1730	0.679	1766	-0.01872	3.16290E-24	-0.01271	3.86036E-14	0.0066	1.76032E-05	0.00762	7.70933E-07	0.02169	9.30319E-28	0.01659	5.95407E-20
SP1_MA0079.4	SP1	MA0079.4	C_SP1	45431	0.91455	24227	0.92656	24344	0.90926	23973	0.92738	24305	-0.03818	8.03283E-97	0.05563	6.02803E-103	0.00742	1.85983E-24	0.08906	4.69499E-134	0.04025	1.79993E-90	-0.03958	8.96856E-89
HOXD3_MA0912.2	HOXD3	MA0912.2	C_HOXB2	7714	0.22871	1250	0.23416	1269	0.23226	1253	0.23555	1210	0.00295	3.30797E-02	-0.00089	5.37912E-01	0.03722	1.04642E-53	-0.00418	9.31735E-04	0.03365	9.62717E-50	0.04004	1.38870E-56
MYF6_MA0667.1	MYF6	MA0667.1	C_Tcf21	11739	0.29893	2621	0.30029	2553	0.30241	2578	0.30179	2491	0.04838	3.98394E-78	0.00527	1.04888E-10	0.06428	6.87952E-90	-0.04511	1.23305E-73	0.02187	1.80963E-39	0.06505	2.19132E-90
HOXB13_MA0901.2	HOXB13	MA0901.2	C_HOXB13	32742	0.18743	4073	0.18802	3971	0.18825	4006	0.18839	3777	0.05627	3.51752E-104	0.03144	1.79863E-75	0.10259	4.26425E-124	-0.02971	1.25557E-74	0.05298	7.35347E-102	0.084	1.34042E-117
NKX6-3_MA1530.1	NKX6-3	MA1530.1	C_NKX6-3	10865	0.22139	1765	0.2229	1727	0.22402	1730	0.2225	1624	0.03586	3.35568E-58	0.0156	1.99647E-25	0.08071	2.24131E-93	-0.02316	2.14122E-47	0.04986	6.87620E-77	0.07446	7.36073E-90
TLX2_MA1577.1	TLX2	MA1577.1	C_LHX9	5777	0.23451	907	0.23863	930	0.23586	889	0.23774	876	0.03046	5.18782E-39	0.02969	3.98468E-38	0.06192	5.02556E-66	-0.00518	2.22072E-03	0.0345	1.97161E-43	0.04215	7.03522E-51
DUX4_MA0468.1	DUX4	MA0468.1	C_DUXA	17326	0.24024	2900	0.23917	2733	0.23842	2788	0.23446	2582	0.06894	3.99417E-98	0.05802	3.99239E-93	0.15788	2.68155E-133	-0.0195	6.53281E-49	0.10101	8.41285E-114	0.12473	7.47160E-126
GCM1_MA0646.1	GCM1	MA0646.1	C_GCM1	7861	0.36886	2273	0.37252	2270	0.36904	2242	0.37512	2267	-0.03128	9.39961E-42	-0.01446	3.30186E-15	-0.05318	4.24841E-64	0.01861	8.91971E-33	-0.03028	5.64573E-49	-0.04798	1.14438E-59
Klf1_MA0493.1	Klf1	MA0493.1	C_KLF4	50533	0.54547	18131	0.54926	18042	0.5452	18003	0.54975	17911	-0.04041	5.67023E-99	0.00833	5.50518E-37	-0.01069	1.38610E-38	0.04854	1.74028E-104	0.02274	4.06710E-69	-0.01998	2.29890E-64
NFATC1_MA0624.1	NFATC1	MA0624.1	C_NFATC3	20545	0.24519	3751	0.24512	3604	0.24604	3664	0.24486	3485	0.05618	1.15809E-95	0.03231	1.37253E-65	0.10392	8.45629E-116	-0.0291	1.20574E-68	0.05585	5.55376E-89	0.08597	7.25555E-114
THAP1_MA0597.1	THAP1	MA0597.1	C_THAP1	22341	0.37501	6447	0.37459	6270	0.37549	6279	0.37744	6163	0.02224	7.81370E-52	0.00666	6.07469E-16	0.0074	4.47285E-18	-0.0172	9.94777E-40	-0.01427	2.74687E-35	0.0016	3.76740E-03
HOXD12_MA0873.1	HOXD12	MA0873.1	C_HOXC10	5253	0.2478	967	0.25103	924	0.24786	955	0.24833	931	0.04375	3.95792E-53	0.04373	4.12650E-53	0.10716	2.72996E-90	-0.00683	5.05305E-07	0.06986	3.07712E-72	0.08017	1.42942E-83
TP53_MA0106.3	TP53	MA0106.3	C_TP53	7611	0.32248	1735	0.32457	1678	0.32521	1670	0.32728	1634	0.01275	1.26513E-18	-0.01969	1.40769E-30	-0.00641	6.00118E-07	-0.03105	1.14849E-46	-0.02018	2.25622E-31	0.00797	3.40387E-10
CREB3_MA0638.1	CREB3	MA0638.1	C_CREB3	5526	0.6705	2300	0.6869	2271	0.67702	2269	0.69249	2249	0.00521	2.79939E-03	0.02501	7.87172E-36	0.02007	3.70335E-28	0.0165	4.73666E-22	0.01426	1.17236E-15	0.00051	3.94059E-01
ESR1_MA0112.3	ESR1	MA0112.3	C_ESR1	12432	0.31732	3145	0.31786	3126	0.31863	3078	0.32373	3081	0.00381	1.90443E-07	-0.01178	9.85069E-24	-0.03338	2.28726E-62	-0.01487	3.51328E-31	-0.04057	1.60327E-70	-0.0282	1.93687E-55
RARARXRG_MA1149.1	RARA::RXRG	MA1149.1	C_RARA::RXRG	17445	0.3446	4431	0.34746	4415	0.34548	4350	0.35061	4365	-0.02375	3.95847E-50	0.00987	4.97263E-19	-0.02541	1.01371E-52	0.0327	3.81858E-61	-0.00756	5.16310E-16	-0.03719	1.01581E-67
HSF4_MA0771.1	HSF4	MA0771.1	C_HSF2	11151	0.28358	2338	0.2856	2314	0.28655	2321	0.29039	2281	0.0264	1.36161E-46	0.00518	2.17409E-05	0.03158	1.05498E-54	-0.02304	3.96539E-44	0.00712	5.01902E-11	0.02932	1.00197E-50
ZBTB18_MA0698.1	ZBTB18	MA0698.1	C_ZBTB18	23627	0.29498	5264	0.29573	5161	0.29867	5242	0.2999	5069	0.01223	4.78512E-35	-0.02067	8.21391E-50	0.00504	8.12058E-14	-0.03158	2.38365E-67	-0.00789	2.41891E-19	0.0215	8.90321E-55
LHX5_MA1519.1	LHX5	MA1519.1	C_EMX1	5890	0.19708	805	0.19937	819	0.19887	810	0.19812	775	0.02862	1.20030E-40	0.02032	2.79600E-28	0.0745	7.05990E-82	-0.01146	6.31197E-19	0.04862	1.53312E-64	0.06289	5.77985E-73
ELF5_MA0136.2	ELF5	MA0136.2	C_EHF	20585	0.47187	6603	0.4717	6357	0.46837	6441	0.46336	6033	0.12374	2.93287E-123	0.0867	1.10987E-114	0.23021	8.60430E-150	-0.05053	4.15456E-93	0.13156	9.89852E-133	0.1821	8.76898E-147
Dlx2_MA0885.1	Dlx2	MA0885.1	C_Dlx2	8604	0.21956	1355	0.22308	1329	0.2229	1349	0.22151	1264	0.02676	2.58831E-45	0.0068	4.18245E-08	0.09521	2.79537E-93	-0.02145	1.74903E-39	0.07205	1.30413E-81	0.09636	1.72054E-98
RELA_MA0107.1	RELA	MA0107.1	C_REL	15726	0.35183	4078	0.35654	4066	0.35551	4059	0.36176	4075	-0.02244	5.17061E-52	-0.0095	5.42635E-24	-0.02937	2.05245E-62	0.01403	4.88073E-32	-0.01277	1.92516E-32	-0.02541	9.34587E-57
Stat5aStat5b_MA0519.1	Stat5a::Stat5b	MA0519.1	C_Stat5b	23857	0.30166	5305	0.30675	5286	0.30544	5238	0.31001	5190	-0.00024	2.81128E-01	-0.00767	1.01250E-17	0.01332	3.45366E-40	-0.00705	1.28379E-15	0.01201	1.42366E-24	0.01985	2.01057E-54
GATA2_MA0036.3	GATA2	MA0036.3	C_GATA6	40397	0.36447	11495	0.35181	10717	0.35813	10921	0.33737	9858	0.14853	1.56048E-152	0.12122	8.18896E-144	0.31215	1.95024E-184	-0.04432	1.29383E-100	0.19986	4.89604E-160	0.25065	5.23317E-175
SREBF2_MA0596.1	SREBF2	MA0596.1	C_SREBF1	17602	0.33023	4324	0.32769	4284	0.33211	4292	0.33183	4182	0.0275	2.17439E-60	-0.01631	2.32177E-42	0.01076	1.19695E-25	-0.04326	1.91006E-80	-0.01537	4.06425E-37	0.02408	5.56880E-55
Dux_MA0611.1	Dux	MA0611.1	C_NFYA	15917	0.4669	3847	0.48829	3866	0.47677	3786	0.49125	3705	-0.08122	3.98629E-102	-0.01463	8.43850E-37	-0.02693	3.20017E-57	0.07013	4.83527E-96	0.04339	3.91223E-74	-0.01908	8.21421E-46
KLF4_MA0039.4	KLF4	MA0039.4	C_KLF4	87129	0.60766	36312	0.61374	36319	0.60781	35921	0.61889	36325	-0.03554	1.11504E-102	0.01905	5.91966E-75	-0.02595	3.55686E-89	0.05331	4.75747E-119	0.00195	4.08878E-06	-0.04599	2.69383E-113
ESX1_MA0644.1	ESX1	MA0644.1	C_LHX9	7782	0.23662	1217	0.24149	1210	0.23983	1202	0.2403	1134	0.02768	4.05964E-44	0.0126	2.06605E-14	0.06615	4.07742E-72	-0.01737	2.59834E-25	0.04156	5.25811E-53	0.06084	1.29604E-68
POU3F2_MA0787.1	POU3F2	MA0787.1	C_POU1F1	21394	0.22381	3131	0.22751	3099	0.22531	3106	0.22618	3009	0.01622	4.12007E-38	0.02106	7.58681E-55	0.0697	1.83121E-97	0.00173	8.29255E-03	0.05613	5.15407E-90	0.05761	1.76081E-96
ZNF652_MA1657.1	ZNF652	MA1657.1	C_ZNF652	16463	0.24175	2977	0.2432	2853	0.24261	2863	0.24111	2760	0.03534	6.18544E-70	0.02915	4.45565E-62	0.09865	2.92210E-113	-0.0106	1.24702E-25	0.06852	3.30149E-95	0.08243	1.36621E-105
Creb5_MA0840.1	Creb5	MA0840.1	C_FOSL1::JUN(var.2)	6431	0.60456	2169	0.62345	2240	0.61681	2182	0.63233	2217	-0.01799	1.64644E-30	-0.01254	3.55749E-18	0.02544	4.53215E-36	0.00694	6.03275E-04	0.04094	6.97119E-55	0.03721	1.59022E-45
Spz1_MA0111.1	Spz1	MA0111.1	C_Spz1	16843	0.28891	3756	0.29149	3691	0.29231	3706	0.29658	3610	-0.00594	2.67450E-12	-0.01456	1.26202E-34	-0.02579	2.15817E-55	-0.00737	3.12934E-16	-0.02382	2.76556E-51	-0.01751	6.13683E-41
NR3C2_MA0727.1	NR3C2	MA0727.1	C_NR3C1	7564	0.30054	1702	0.30228	1658	0.30404	1662	0.30636	1621	0.00589	5.54823E-08	0.00019	3.70952E-01	0.02148	3.11162E-32	-0.00626	7.20489E-06	0.01502	6.36344E-25	0.02225	7.38097E-37
Rxra_MA0512.2	Rxra	MA0512.2	C_PPARD	17707	0.30836	3993	0.30702	3834	0.30495	3825	0.30316	3644	0.03142	3.06860E-68	0.04435	8.09728E-83	0.08976	4.60118E-113	0.00726	4.98144E-14	0.06528	1.88506E-91	0.06275	1.14029E-97
NFYA_MA0060.3	NFYA	MA0060.3	C_NFYA	16320	0.77492	5597	0.816	5687	0.79376	5546	0.8314	5562	-0.15097	2.99694E-129	-0.03006	1.92093E-62	-0.10856	2.96569E-115	0.12754	2.77326E-121	0.01926	2.81325E-41	-0.09722	1.36393E-110
mix-a_MA0621.1	mix-a	MA0621.1	C_EMX1	8396	0.17525	1017	0.17809	1024	0.17675	1010	0.17689	973	0.02588	4.52808E-47	0.02233	8.38631E-42	0.06659	1.97652E-84	-0.00696	9.20899E-08	0.04342	5.07202E-67	0.05284	6.21234E-75
SMAD2SMAD3SMAD4_MA0513.1	SMAD2::SMAD3::SMAD4	MA0513.1	C_SMAD2::SMAD3::SMAD4	29662	0.31639	7113	0.31556	6995	0.3188	7040	0.32182	6903	0.01118	1.47043E-32	-0.01568	6.82604E-51	-0.02494	1.82884E-63	-0.02591	6.52878E-71	-0.03848	2.70236E-81	-0.01569	6.45287E-51
Alx1_MA0854.1	Alx1	MA0854.1	C_LHX9	7481	0.19845	1019	0.20291	1039	0.20135	1029	0.20224	997	0.03162	1.53585E-47	0.01607	3.17861E-25	0.07557	2.49382E-82	-0.01833	5.67295E-27	0.04737	2.76062E-62	0.06807	5.45739E-78
Npas2_MA0626.1	Npas2	MA0626.1	C_MNT	8052	0.48899	2909	0.49699	2926	0.48654	2856	0.48792	2829	-0.03877	3.57056E-56	0.02826	2.58362E-41	0.02953	5.48149E-43	0.0651	2.77143E-75	0.06394	1.60094E-74	0.00858	1.09429E-08
TFAP4_MA0691.1	TFAP4	MA0691.1	C_MYF5	16164	0.33778	4067	0.3334	3970	0.3401	3996	0.33547	3861	0.05948	4.24982E-91	0.00563	5.69376E-13	0.07261	4.57426E-98	-0.05676	4.34269E-88	0.02145	5.57974E-47	0.07508	6.97073E-101
HOXA7_MA1498.1	HOXA7	MA1498.1	C_HOXA7	6550	0.2497	1221	0.25373	1224	0.25287	1222	0.25294	1146	0.01644	5.07836E-18	0.00134	6.20594E-01	0.07164	4.60628E-73	-0.01581	2.26279E-23	0.05684	2.05925E-66	0.0754	3.01581E-75
MSANTD3_MA1523.1	MSANTD3	MA1523.1	C_MSANTD3	16934	0.32459	4052	0.32905	4067	0.32768	3997	0.33348	4011	-0.02655	5.08427E-58	-0.01487	7.21918E-36	-0.04236	2.31350E-77	0.01339	4.03941E-34	-0.02285	9.72957E-53	-0.03561	4.32417E-70
FOXP3_MA0850.1	FOXP3	MA0850.1	C_Foxj3	8334	0.26133	1607	0.26712	1584	0.26737	1599	0.27816	1613	-0.04999	1.99332E-68	-0.0386	4.75631E-58	-0.06759	7.28142E-81	0.01643	2.70337E-26	-0.02808	2.87103E-49	-0.04385	3.98480E-63
Hand1Tcf3_MA0092.1	Hand1::Tcf3	MA0092.1	C_Hand1::Tcf3	16909	0.29278	3682	0.29292	3649	0.29566	3686	0.2969	3630	0.02692	1.37668E-54	-0.00428	7.70935E-07	0.04121	7.25918E-72	-0.03182	1.76215E-61	0.01697	1.27250E-39	0.04782	4.62198E-78
FOXL1_MA0033.2	FOXL1	MA0033.2	C_Foxj3	8334	0.26133	1607	0.26712	1584	0.26737	1599	0.27816	1613	-0.04999	1.99332E-68	-0.0386	4.75631E-58	-0.06759	7.28142E-81	0.01643	2.70337E-26	-0.02808	2.87103E-49	-0.04385	3.98480E-63
NFATC4_MA1525.1	NFATC4	MA1525.1	C_NFATC3	19028	0.27153	3800	0.27211	3665	0.27224	3717	0.27148	3501	0.0443	3.50652E-86	0.03411	8.34507E-70	0.09747	4.33421E-114	-0.01536	3.58511E-42	0.05996	2.09570E-93	0.07749	2.66515E-104
MEIS2_MA0774.1	MEIS2	MA0774.1	C_MEIS3	14788	0.34316	3691	0.34605	3580	0.34775	3605	0.35085	3562	0.03137	3.73204E-61	-0.00033	6.39785E-01	0.02801	1.29243E-56	-0.03288	3.43212E-63	-0.00089	2.51224E-01	0.03001	2.27113E-59
HES1_MA1099.2	HES1	MA1099.2	C_HEY1	9287	0.72961	4626	0.74809	4636	0.72389	4540	0.74616	4647	-0.04579	1.17222E-67	0.07464	4.96644E-86	0.00631	7.74990E-06	0.11592	5.46756E-105	0.04608	1.68539E-65	-0.0571	1.49529E-76
VEZF1_MA1578.1	VEZF1	MA1578.1	C_VEZF1	11356	0.41051	3673	0.41975	3719	0.41699	3717	0.42722	3733	-0.06588	8.43852E-84	-0.04175	6.51940E-65	-0.09086	2.21473E-97	0.0292	1.81002E-50	-0.03966	7.85821E-63	-0.06751	7.93165E-85
HOXB8_MA1502.1	HOXB8	MA1502.1	C_HOXA7	7042	0.24654	1279	0.25146	1279	0.25103	1288	0.25226	1235	0.01155	4.17637E-14	-0.0137	5.29838E-22	0.04542	9.44850E-63	-0.02438	5.07677E-39	0.03429	3.21267E-46	0.05948	2.10849E-71
HOXB6_MA1500.1	HOXB6	MA1500.1	C_HOXB2	7160	0.22109	1143	0.22508	1151	0.22397	1152	0.22285	1101	0.02126	8.83632E-36	0.00539	1.22918E-08	0.0818	6.68374E-85	-0.01725	9.16683E-23	0.06304	5.35567E-74	0.08311	4.60677E-87
Stat5b_MA1625.1	Stat5b	MA1625.1	C_Stat5b	25831	0.31754	5878	0.3232	5828	0.32138	5735	0.32737	5717	-8e-05	2.16544E-01	0.00011	3.70928E-01	0.01546	2.09728E-47	-0.00022	1.37358E-01	0.01407	1.32797E-41	0.01572	4.60063E-48
PLAGL2_MA1548.1	PLAGL2	MA1548.1	C_PLAGL2	16911	0.41853	5517	0.4247	5637	0.42224	5463	0.43631	5690	-0.0615	4.55338E-98	-0.01689	8.40011E-45	-0.11069	2.92580E-123	0.04748	1.42447E-87	-0.06359	1.69968E-99	-0.10987	6.10486E-123
HES2_MA0616.2	HES2	MA0616.2	C_HEY1	7629	0.653	3439	0.66673	3442	0.64714	3401	0.66182	3446	-0.04969	1.43423E-68	0.05659	5.18395E-74	0.00705	2.41369E-09	0.10263	4.53638E-99	0.05017	4.86421E-69	-0.04065	2.14850E-60
FOSL1JUNDvar.2_MA1143.1	FOSL1::JUND(var.2)	MA1143.1	C_FOSL1::JUND(var.2)	7015	0.59393	2401	0.60921	2427	0.60205	2376	0.61742	2384	0.027	1.24530E-40	0.02253	1.70084E-32	0.0571	5.01484E-71	-0.00841	1.55704E-10	0.03386	1.90188E-49	0.04383	2.13786E-57
FOXO4_MA0848.1	FOXO4	MA0848.1	C_Foxj3	8334	0.26133	1607	0.26712	1584	0.26737	1599	0.27816	1613	-0.04999	1.99332E-68	-0.0386	4.75631E-58	-0.06759	7.28142E-81	0.01643	2.70337E-26	-0.02808	2.87103E-49	-0.04385	3.98480E-63
MAFA_MA1521.1	MAFA	MA1521.1	C_MAFA	11158	0.38409	3292	0.38201	3171	0.38515	3211	0.3837	3101	0.03951	1.64531E-63	0.00957	1.13192E-16	0.06203	5.51712E-82	-0.03216	3.66185E-54	0.02833	1.65421E-50	0.05947	1.47240E-81
HOXA1_MA1495.1	HOXA1	MA1495.1	C_EMX1	4605	0.2007	658	0.20387	661	0.20236	656	0.20194	624	0.01574	1.97777E-20	0.01908	2.15818E-25	0.06892	3.93521E-75	0.00053	3.36726E-01	0.0541	4.21480E-65	0.0578	2.11970E-64
NHLH1_MA0048.2	NHLH1	MA0048.2	C_Tcf12	21340	0.39012	6523	0.38969	6464	0.39268	6489	0.39587	6404	0.00469	1.46229E-10	-0.01874	1.90817E-50	-0.01993	7.96763E-53	-0.02206	8.28044E-57	-0.02761	7.99019E-66	-0.00776	2.33331E-21
ATF6_MA1466.1	ATF6	MA1466.1	C_CREB3	6909	0.51719	2406	0.52478	2398	0.52135	2401	0.53198	2413	0.01132	3.25491E-14	0.01017	2.54395E-12	0.00627	2.33725E-06	-0.00299	4.33751E-02	-0.00583	3.24026E-08	-0.0025	9.75438E-02
Esrrg_MA0643.1	Esrrg	MA0643.1	C_NR2F2	15585	0.26973	3175	0.26868	3106	0.26845	3099	0.26802	2978	0.02324	4.69213E-48	0.04689	2.49722E-76	0.07516	3.18828E-96	0.01783	2.66847E-38	0.05576	1.06650E-83	0.0425	3.05350E-72
CLOCK_MA0819.1	CLOCK	MA0819.1	C_CLOCK	8023	0.34928	1969	0.35571	1962	0.34852	1914	0.34836	1891	-0.06036	4.85757E-73	0.04493	1.00902E-62	0.03886	4.73433E-57	0.10106	5.77267E-96	0.0925	2.96416E-92	0.00463	2.75072E-06
USF2_MA0526.3	USF2	MA0526.3	C_USF2	18306	0.39938	5092	0.39492	4915	0.39267	4860	0.38481	4573	0.06452	6.34144E-98	0.07101	5.25645E-102	0.17683	4.40693E-141	-0.0036	9.12539E-07	0.13068	3.13367E-119	0.1401	4.35217E-131
TFEB_MA0692.1	TFEB	MA0692.1	C_ARNT2	12970	0.50328	4374	0.49949	4225	0.49514	4180	0.48654	3952	0.05675	6.50348E-85	0.08684	9.68570E-103	0.19935	4.34761E-138	0.01846	3.98999E-41	0.16321	1.77596E-125	0.15326	7.33002E-127
HEY1_MA0823.1	HEY1	MA0823.1	C_HEY1	7342	0.60074	3033	0.61033	3036	0.59522	2974	0.60314	2979	-0.04703	2.97754E-65	0.04434	4.37626E-62	0.02129	4.25150E-34	0.08866	4.25320E-91	0.06303	1.14172E-76	-0.01421	2.77317E-23
MAF_MA1520.1	MAF	MA1520.1	C_MAFA	11290	0.32273	2850	0.31948	2694	0.32383	2757	0.31935	2601	0.05077	2.71848E-76	0.01391	1.29002E-27	0.07995	1.52404E-95	-0.03966	2.04435E-64	0.03724	8.14228E-64	0.07564	4.79539E-92
FIGLA_MA0820.1	FIGLA	MA0820.1	C_Rbpjl	17704	0.27715	3789	0.28617	3888	0.28459	3820	0.29573	3947	-0.06297	8.16431E-96	-0.06068	1.01656E-88	-0.14832	6.80859E-127	0.00966	1.83437E-22	-0.09989	2.31092E-115	-0.11398	1.33195E-115
SOX9_MA0077.1	SOX9	MA0077.1	C_SOX15	10038	0.23144	1651	0.22893	1574	0.22944	1570	0.22206	1460	0.07763	5.46710E-95	0.0397	1.31919E-64	0.15572	2.35204E-121	-0.04475	2.96212E-67	0.09122	1.47166E-95	0.1373	5.22926E-116
RFX7_MA1554.1	RFX7	MA1554.1	C_RFX7	6774	0.46036	2169	0.47276	2174	0.46627	2157	0.47983	2147	-0.02977	1.13405E-47	-0.00477	1.22215E-05	-0.01864	2.41590E-31	0.02605	8.36967E-42	0.00502	5.34318E-05	-0.01797	3.40023E-30
FLI1_MA0475.2	FLI1	MA0475.2	C_FEV	9112	0.81693	4614	0.83117	4569	0.81291	4557	0.83061	4475	0.06387	1.76115E-77	0.08766	7.92124E-91	0.15506	3.72358E-115	0.01314	3.82554E-20	0.10663	2.04725E-98	0.09818	1.21762E-95
ZNF136_MA1588.1	ZNF136	MA1588.1	C_ZNF136	14220	0.23166	2473	0.23251	2371	0.23274	2416	0.23285	2317	0.03245	2.91926E-62	0.01453	1.84827E-30	0.05906	2.13442E-84	-0.0205	1.17347E-41	0.03043	3.86441E-65	0.0518	6.57438E-79
MEF2D_MA0773.1	MEF2D	MA0773.1	C_MEF2A	21870	0.18988	2885	0.1903	2819	0.19082	2846	0.19084	2659	0.0321	3.69393E-66	0.01947	3.30890E-48	0.06373	1.81994E-96	-0.01584	2.02823E-42	0.0351	1.99414E-76	0.05221	1.16942E-88
NEUROD1_MA1109.1	NEUROD1	MA1109.1	C_NEUROD1	27007	0.31006	6476	0.31085	6285	0.31167	6370	0.31308	6201	0.01094	2.66766E-31	0.00491	1.86118E-11	0.02021	1.15902E-53	-0.00717	7.00895E-20	0.00929	1.05286E-29	0.01714	2.82500E-47
POU5F1B_MA0792.1	POU5F1B	MA0792.1	C_POU1F1	18679	0.23786	2872	0.24323	2846	0.24112	2846	0.2444	2766	0.00471	2.09109E-08	0.00433	9.80830E-07	0.03539	6.90826E-75	-0.00136	6.85870E-02	0.03049	2.79931E-65	0.03397	6.45509E-65
CTCFL_MA1102.2	CTCFL	MA1102.2	C_CTCFL	42602	0.59565	19700	0.60147	19768	0.59347	19431	0.60919	19844	-0.01486	1.95324E-53	0.04467	7.04333E-100	-0.01685	1.75254E-58	0.0552	7.36653E-109	-0.00648	1.51840E-24	-0.05736	3.86738E-110
MNX1_MA0707.1	MNX1	MA0707.1	C_EMX1	13715	0.17984	1733	0.18054	1676	0.17999	1683	0.17997	1598	0.05536	2.48527E-84	0.03192	2.57502E-60	0.09517	8.52984E-103	-0.02842	3.26700E-58	0.04653	6.31977E-78	0.07649	1.84366E-97
Atf1_MA0604.1	Atf1	MA0604.1	C_Atf1	2669	0.83689	1242	0.87022	1229	0.85318	1220	0.8769	1218	-0.03048	2.78083E-29	0.00097	4.38512E-01	0.03213	5.97919E-32	0.03182	1.22094E-31	0.0597	3.09294E-54	0.03348	2.77997E-33
Dmbx1_MA0883.1	Dmbx1	MA0883.1	C_Dmbx1	11263	0.23338	1822	0.2359	1771	0.23378	1803	0.23343	1694	-0.00497	3.72006E-05	0.03374	6.16519E-57	0.07768	2.13854E-94	0.03458	6.75968E-58	0.08218	8.10334E-97	0.0556	4.89467E-77
FOSL1_MA0477.2	FOSL1	MA0477.2	C_Smad2::Smad3	23296	0.3573	6491	0.33334	5945	0.35266	6320	0.32471	5657	0.22697	1.19442E-152	0.07231	2.00766E-108	0.29597	4.40905E-164	-0.16957	7.29514E-145	0.11193	4.62654E-126	0.26937	8.71527E-165
Zic2_MA1629.1	Zic2	MA1629.1	C_Zic2	40615	0.36088	11626	0.36149	11462	0.36458	11463	0.36913	11449	-0.00877	1.36044E-31	-0.02634	1.38289E-74	-0.05429	2.13678E-105	-0.01511	9.44835E-52	-0.05143	4.47919E-103	-0.03943	1.05391E-91
FOXG1_MA0613.1	FOXG1	MA0613.1	C_Foxj3	18419	0.23311	3106	0.23618	3018	0.2351	3054	0.23958	2965	-0.00596	9.39627E-14	0.01603	6.99902E-38	0.04396	2.35176E-78	0.02008	2.54102E-46	0.04968	2.36781E-85	0.03418	8.60981E-68
NR4A2_MA0160.1	NR4A2	MA0160.1	C_NR4A2	20687	0.28838	4470	0.28421	4286	0.28522	4297	0.27951	4028	0.03544	2.70250E-77	0.05126	1.18126E-92	0.11502	6.23379E-127	0.00929	4.51650E-28	0.08846	6.10440E-112	0.08482	5.94440E-114
EGR4_MA0733.1	EGR4	MA0733.1	C_EGR1	19044	0.62169	8368	0.63384	8488	0.62229	8303	0.63974	8439	-0.03748	1.14762E-67	0.03631	3.08933E-66	-0.0098	1.35863E-20	0.07119	2.04366E-94	0.02111	5.01776E-48	-0.04227	1.28802E-72
Crx_MA0467.1	Crx	MA0467.1	C_Crx	17280	0.25486	3040	0.25668	2980	0.25606	3019	0.25617	2899	0.00717	5.91377E-23	0.02232	4.94651E-56	0.05897	8.45112E-94	0.01217	3.80044E-36	0.05315	3.08930E-90	0.04528	4.12806E-83
HOXA9_MA0594.2	HOXA9	MA0594.2	C_HOXC10	1736	0.38104	511	0.38832	490	0.38246	485	0.38786	479	0.02995	1.20457E-21	0.03135	7.66114E-23	0.09542	1.23510E-61	-0.00353	2.20874E-01	0.07127	3.58198E-50	0.07735	2.49135E-53
MIXL1_MA0662.1	MIXL1	MA0662.1	C_LHX9	8845	0.21331	1274	0.21601	1240	0.21554	1240	0.21584	1180	0.04955	2.31755E-71	0.03264	4.56374E-49	0.08338	3.21408E-93	-0.02183	8.87618E-35	0.03913	7.27658E-63	0.06265	2.26362E-75
LBX2_MA0699.1	LBX2	MA0699.1	C_LHX9	7507	0.24157	1189	0.24628	1188	0.24474	1190	0.24611	1150	0.02442	6.27365E-36	0.01576	1.90891E-23	0.06718	2.86874E-76	-0.01129	1.35244E-14	0.04533	2.58870E-61	0.0592	4.80164E-71
JUN_MA0488.1	JUN	MA0488.1	C_FOSL1::JUN(var.2)	17753	0.35137	4173	0.35809	4166	0.35812	4118	0.36427	4083	0.01049	9.30643E-24	-0.02507	6.43364E-56	0.01884	6.97070E-42	-0.03347	2.51183E-67	0.0085	1.04741E-21	0.04006	2.43832E-73
Znf281_MA1630.1	Znf281	MA1630.1	C_Wt1	41335	0.44512	13914	0.45028	13848	0.44853	13788	0.45617	13800	-0.02298	4.18067E-65	-0.00531	5.07125E-17	-0.03084	3.28556E-81	0.01836	5.01603E-61	-0.01441	6.88401E-54	-0.0311	1.44747E-81
MXI1_MA1108.2	MXI1	MA1108.2	C_MXI1	22519	0.2648	4427	0.26674	4377	0.26529	4331	0.26431	4168	-0.01273	7.60421E-33	0.00452	3.08472E-10	0.02253	1.25965E-54	0.01663	4.76448E-49	0.03274	8.05173E-75	0.01995	5.50939E-50
NR1H4RXRA_MA1146.1	NR1H4::RXRA	MA1146.1	C_NR2F1(var.3)	8907	0.29242	1999	0.29668	2022	0.29509	1989	0.30281	2000	-0.00806	2.89300E-11	-0.00565	1.65964E-06	-0.03735	2.41868E-59	0.00283	1.21733E-03	-0.03403	1.38995E-55	-0.03762	1.23246E-59
HOXA5_MA0158.2	HOXA5	MA0158.2	C_HOXA7	5446	0.24094	965	0.24505	969	0.244	961	0.24482	901	0.00948	3.03358E-09	-0.00047	3.66442E-01	0.05917	2.02582E-66	-0.01036	5.82589E-13	0.05035	7.86768E-63	0.06349	2.39941E-69
GATA5_MA0766.2	GATA5	MA0766.2	C_GATA6	30310	0.39196	9204	0.37884	8613	0.38579	8811	0.36436	7949	0.14674	1.61851E-137	0.12356	4.04078E-130	0.31846	7.33770E-171	-0.04031	6.20558E-83	0.2096	1.08246E-160	0.25708	1.19967E-161
ZNF684_MA1600.1	ZNF684	MA1600.1	C_ZNF684	22208	0.37295	5890	0.37632	5865	0.3773	5807	0.38179	5741	-0.01941	3.14385E-49	-0.02768	5.47739E-63	-0.03886	9.17167E-77	-0.00515	5.93251E-16	-0.02575	4.04150E-60	-0.02146	4.96546E-53
MEIS1var.2_MA1639.1	MEIS1(var.2)	MA1639.1	C_PBX2	12965	0.22841	2055	0.22539	1957	0.22585	1998	0.2204	1857	0.08105	8.40640E-99	0.05601	1.40887E-85	0.15546	6.44101E-127	-0.03342	3.57382E-65	0.08741	7.06446E-104	0.12304	8.08725E-117
HOXC12_MA0906.1	HOXC12	MA0906.1	C_HOXC10	6825	0.22709	1213	0.22673	1126	0.22718	1169	0.22714	1131	0.07526	1.62201E-82	0.03931	6.22088E-56	0.11558	1.18753E-100	-0.04269	5.22133E-59	0.05032	7.60404E-66	0.09302	1.92836E-91
BCL6B_MA0731.1	BCL6B	MA0731.1	C_BCL6B	14468	0.26929	2860	0.271	2832	0.27151	2857	0.2743	2738	0.03037	3.83523E-55	0.01313	8.91321E-28	0.05072	3.08885E-77	-0.01985	1.66747E-37	0.02342	7.02493E-50	0.04356	1.15911E-70
KLF17_MA1514.1	KLF17	MA1514.1	C_KLF17	33230	0.45277	11062	0.45922	11104	0.45682	10983	0.46647	11193	-0.04074	6.15834E-84	-0.03492	1.42865E-77	-0.06845	1.04317E-105	0.00985	4.00569E-27	-0.03841	8.42581E-89	-0.04843	3.83273E-91
ATOH7_MA1468.1	ATOH7	MA1468.1	C_Atoh1	14668	0.25669	2721	0.25973	2641	0.25658	2615	0.25869	2512	-0.00973	9.27679E-16	0.04689	1.18972E-81	0.0635	1.81506E-90	0.05077	5.34506E-79	0.07231	1.37007E-93	0.02985	3.91642E-63
BHLHE22_MA0818.1	BHLHE22	MA0818.1	C_Atoh1	4946	0.25664	904	0.25689	904	0.25796	898	0.25991	885	0.02193	4.60438E-29	0.00781	6.12368E-07	0.03721	1.70748E-45	-0.01609	7.94844E-21	0.0171	3.21272E-22	0.03344	8.71059E-43
SP4_MA0685.1	SP4	MA0685.1	C_SP1	41560	0.93259	22483	0.94518	22560	0.92681	22172	0.94532	22555	-0.03698	4.79064E-86	0.06194	1.65092E-113	0.01064	1.50282E-43	0.09357	5.43101E-131	0.0426	8.53440E-98	-0.04118	1.04642E-94
NEUROG2var.2_MA1642.1	NEUROG2(var.2)	MA1642.1	C_NEUROD1	25707	0.29743	5938	0.29771	5738	0.29904	5820	0.29889	5611	0.01535	5.69831E-44	0.00454	1.56178E-10	0.0333	6.07019E-75	-0.01201	7.85409E-36	0.01914	1.62262E-48	0.03189	3.85365E-73
HNF1A_MA0046.2	HNF1A	MA0046.2	C_HNF1A	15199	0.17903	1882	0.17905	1800	0.17836	1805	0.17695	1683	0.0489	1.79460E-82	0.04089	3.41138E-75	0.10686	4.09797E-115	-0.01415	2.91555E-30	0.06383	3.68723E-95	0.08126	1.43163E-103
OTX2_MA0712.2	OTX2	MA0712.2	C_OTX2	20904	0.21771	3151	0.223	3219	0.22013	3158	0.22442	3144	-0.04343	3.28517E-83	-0.00999	9.51735E-25	-0.02075	5.15259E-51	0.03486	2.80919E-76	0.01529	5.64002E-44	-0.01543	3.69777E-40
FOSL2JUN_MA1130.1	FOSL2::JUN	MA1130.1	C_Smad2::Smad3	21109	0.37166	6029	0.34752	5530	0.36736	5881	0.33858	5252	0.23035	2.92317E-156	0.06727	4.08575E-101	0.30415	3.18372E-168	-0.17778	2.50666E-145	0.11845	1.25121E-127	0.28332	6.39004E-163
EBF3_MA1637.1	EBF3	MA1637.1	C_EBF3	23873	0.33991	6293	0.34544	6328	0.34356	6253	0.35324	6293	-0.06115	3.59578E-98	-0.03334	4.17338E-73	-0.094	2.54888E-116	0.03222	1.24196E-69	-0.04544	7.11199E-86	-0.07707	6.50447E-108
SOX14_MA1562.1	SOX14	MA1562.1	C_SOX14	7668	0.25219	1387	0.25046	1332	0.24986	1353	0.24549	1250	0.08206	1.65416E-87	0.05186	3.54602E-71	0.1542	2.97169E-117	-0.03816	1.19137E-58	0.08629	1.62973E-92	0.12603	1.24693E-108
FOXA1_MA0148.4	FOXA1	MA0148.4	C_Foxj3	21702	0.21238	3315	0.21477	3200	0.21566	3246	0.21938	3190	0.00466	3.27138E-06	-0.00421	1.53426E-13	0.02141	5.16386E-52	-0.00897	8.40923E-29	0.01608	1.63502E-39	0.02592	4.64781E-60
NFE2_MA0841.1	NFE2	MA0841.1	C_Smad2::Smad3	15497	0.332	3962	0.31274	3607	0.32756	3856	0.30305	3436	0.20168	6.83570E-138	0.06148	7.40939E-87	0.26845	3.64636E-150	-0.1528	5.54244E-126	0.10462	8.47218E-110	0.24712	1.84755E-146
TWIST1_MA1123.2	TWIST1	MA1123.2	C_TWIST1	22723	0.30276	5333	0.30284	5159	0.30606	5272	0.30652	5044	0.02981	7.82530E-71	-0.01322	1.23793E-39	0.02534	4.39743E-64	-0.04294	3.93819E-87	-0.0022	3.28179E-05	0.03778	9.84889E-81
PBX3_MA1114.1	PBX3	MA1114.1	C_PBX3	25961	0.38343	6950	0.38298	6755	0.38596	6901	0.38681	6664	0.04955	7.44507E-86	0.00456	3.31216E-08	0.03611	1.58948E-72	-0.04714	3.35088E-93	-0.00867	2.13649E-28	0.03493	3.86865E-71
HES6_MA1493.1	HES6	MA1493.1	C_HES6	8535	0.43911	2678	0.44683	2653	0.43961	2618	0.44543	2605	-0.03367	9.26047E-57	0.00989	5.50159E-15	0.00743	9.58772E-10	0.04301	3.30979E-65	0.03593	7.91779E-58	-0.00113	7.62910E-02
CENPB_MA0637.1	CENPB	MA0637.1	C_CENPB	3242	0.56106	1297	0.57877	1307	0.56492	1261	0.5855	1298	-0.0649	1.18970E-60	0.02928	8.02680E-33	-0.03872	9.44357E-39	0.09166	3.64339E-75	0.01517	3.40395E-16	-0.06906	1.10070E-61
POU3F3_MA0788.1	POU3F3	MA0788.1	C_POU1F1	24406	0.20329	3246	0.20733	3182	0.20522	3228	0.20661	3104	0.0133	2.97052E-32	0.01754	2.74942E-47	0.07151	3.63757E-102	0.0016	8.41474E-01	0.06015	2.82720E-92	0.06223	5.84514E-102
HOXB2_MA0902.2	HOXB2	MA0902.2	C_HOXB2	5275	0.2523	914	0.25933	897	0.25617	894	0.25874	867	0.00671	1.23794E-08	0.0127	4.19647E-19	0.04656	5.29639E-54	0.00402	1.17057E-04	0.03977	1.33839E-47	0.03905	8.08779E-55
EOMES_MA0800.1	EOMES	MA0800.1	C_TBX18	14044	0.26082	2813	0.26113	2764	0.26423	2777	0.26433	2704	0.0296	5.06059E-56	-0.01527	1.32546E-32	0.01946	5.70891E-40	-0.04421	7.14289E-73	-0.00817	1.04553E-15	0.03278	4.00472E-60
HOXB4_MA1499.1	HOXB4	MA1499.1	C_HOXD4	9453	0.19327	1297	0.195	1273	0.19464	1292	0.1951	1210	0.02502	8.23651E-41	0.01334	2.96972E-20	0.05866	2.81307E-79	-0.01417	1.86832E-29	0.03635	5.09046E-59	0.05178	5.09622E-70
NR2C1_MA1535.1	NR2C1	MA1535.1	C_NR2F1	18391	0.32862	4541	0.32864	4487	0.32797	4420	0.3295	4399	0.00471	7.01354E-08	0.01279	2.37876E-31	0.01401	1.75783E-34	0.00622	3.25091E-12	0.00839	1.05923E-14	0.00387	1.00934E-05
SMAD5_MA1557.1	SMAD5	MA1557.1	C_SMAD3	3489	0.36112	916	0.36447	892	0.36577	895	0.36913	902	0.04175	1.26871E-44	0.00074	6.92051E-01	0.00339	4.94006E-02	-0.04245	2.20556E-45	-0.03633	1.06230E-39	0.00195	2.63611E-01
REST_MA0138.2	REST	MA0138.2	C_REST	23816	0.35465	6702	0.35757	6563	0.35847	6589	0.36587	6556	-0.00201	1.90952E-02	-0.0249	1.37933E-61	-0.0629	8.08096E-101	-0.02069	4.85665E-54	-0.06626	4.71452E-103	-0.0497	9.96662E-91
RARA_MA0729.1	RARA	MA0729.1	C_RARA	18120	0.25465	3450	0.25449	3380	0.25506	3404	0.25679	3305	0.02974	1.77175E-72	0.01186	6.53709E-31	0.02552	8.23589E-59	-0.02019	5.81186E-51	-0.00209	6.43651E-02	0.01716	1.37707E-43
NFKB2_MA0778.1	NFKB2	MA0778.1	C_NFKB2	11196	0.34182	2925	0.34906	2930	0.346	2896	0.35386	2903	-0.07582	1.24125E-91	-0.02655	3.14386E-49	-0.08375	1.66383E-94	0.05335	3.34583E-73	-0.02225	4.70342E-43	-0.07146	6.08476E-88
NR2F6var.3_MA1539.1	NR2F6(var.3)	MA1539.1	C_NR2F1(var.3)	8597	0.31451	2109	0.31759	2111	0.31613	2074	0.32377	2114	-0.02168	3.04667E-41	-0.0161	1.38277E-31	-0.07256	2.27598E-88	0.00738	9.02844E-09	-0.05922	5.75748E-80	-0.06805	1.05234E-85
HOXA6_MA1497.1	HOXA6	MA1497.1	C_HOXB2	7565	0.22286	1235	0.22447	1228	0.22463	1234	0.22329	1182	0.03634	3.08742E-56	0.01977	7.27796E-34	0.09232	1.61245E-92	-0.01976	2.40539E-33	0.06043	6.56357E-75	0.08295	3.27635E-90
NR4A2RXRA_MA1147.1	NR4A2::RXRA	MA1147.1	C_NR2F1(var.3)	7971	0.32395	1929	0.33064	1971	0.32653	1944	0.33871	1963	-0.03457	2.67813E-46	-0.0199	2.87822E-25	-0.0861	1.86202E-85	0.01721	1.32749E-30	-0.06148	8.55493E-71	-0.07955	5.26309E-82
SNAI1_MA1558.1	SNAI1	MA1558.1	C_TCF3	22518	0.28886	5154	0.2981	5267	0.29482	5128	0.31078	5401	-0.09377	1.78614E-117	-0.06599	6.91973E-102	-0.18728	4.07874E-147	0.03616	1.47693E-75	-0.11196	7.74555E-125	-0.15164	5.55547E-138
SRF_MA0083.3	SRF	MA0083.3	C_SRF	7400	0.30047	1613	0.30502	1575	0.30488	1594	0.30564	1532	-0.0227	8.09004E-32	-0.00951	5.03560E-11	0.01576	1.63479E-20	0.01441	2.64528E-18	0.03512	2.89311E-56	0.024	5.33231E-33
FOSJUNB_MA1134.1	FOS::JUNB	MA1134.1	C_Smad2::Smad3	20003	0.3648	5676	0.34022	5193	0.36038	5508	0.33062	4931	0.2363	6.85124E-156	0.07159	3.13580E-101	0.31238	7.72519E-168	-0.17986	3.50707E-139	0.12201	1.08380E-127	0.2892	2.85891E-160
Prdm15_MA1616.1	Prdm15	MA1616.1	C_Prdm15	22039	0.29988	5141	0.30465	5124	0.30242	5061	0.30893	5056	0.0004	3.37668E-01	0.00101	5.03050E-01	-0.00527	7.58437E-16	0.0001	1.58405E-01	-0.00803	1.07823E-17	-0.00773	3.68344E-25
Stat4_MA0518.1	Stat4	MA0518.1	C_Stat4	25380	0.30527	5598	0.30982	5589	0.3088	5546	0.31148	5412	0.02249	3.47586E-53	0.00914	2.01380E-21	0.06097	4.39211E-95	-0.01519	5.15891E-41	0.04131	1.19516E-79	0.05797	6.39344E-93
FOXD1_MA0031.1	FOXD1	MA0031.1	C_Foxj3	13965	0.23656	2421	0.23879	2351	0.23907	2383	0.24153	2308	-0.00285	1.67570E-05	0.00587	3.92380E-09	0.04141	4.43717E-73	0.0078	2.83294E-14	0.04411	3.99981E-77	0.04002	1.22100E-71
MSX2_MA0708.1	MSX2	MA0708.1	C_Dlx3	7600	0.2591	1321	0.26597	1313	0.26364	1323	0.26385	1253	0.02679	9.10706E-44	0.00966	2.08677E-13	0.09085	6.06314E-94	-0.01897	2.30569E-33	0.06762	2.15322E-81	0.08984	1.81825E-93
MYBL2_MA0777.1	MYBL2	MA0777.1	C_MYBL2	2797	0.35601	746	0.35822	720	0.35187	708	0.35547	707	0.04125	4.65398E-38	0.07238	2.83660E-60	0.11291	5.60375E-79	0.02171	9.70375E-18	0.08016	1.62417E-64	0.06427	7.99981E-63
IRF7_MA0772.1	IRF7	MA0772.1	C_IRF7	25546	0.22206	4232	0.22348	4141	0.22399	4183	0.22538	4021	0.05109	9.15262E-90	0.03819	1.57460E-80	0.08809	2.88532E-116	-0.01852	5.08739E-51	0.04281	7.36729E-88	0.06294	9.17895E-99
FOSL1JUND_MA1142.1	FOSL1::JUND	MA1142.1	C_Smad2::Smad3	21328	0.3479	5697	0.32621	5248	0.34361	5523	0.3168	4946	0.21839	1.09785E-149	0.07057	2.59143E-103	0.29728	6.50419E-163	-0.16185	1.25486E-136	0.12125	9.22303E-124	0.27203	5.49386E-161
RREB1_MA0073.1	RREB1	MA0073.1	C_RREB1	42640	0.36499	11793	0.36798	11761	0.36886	11755	0.37336	11670	-0.0101	2.97275E-36	-0.01995	1.85972E-64	-0.02137	7.74964E-66	-0.00801	1.88084E-28	-0.01589	2.33556E-54	-0.00843	4.01304E-30
CUX1_MA0754.1	CUX1	MA0754.1	C_ONECUT1	5036	0.24206	800	0.2358	784	0.23771	784	0.22888	748	0.06605	2.08101E-74	0.04099	1.19929E-55	0.14645	1.91582E-107	-0.031	3.30135E-41	0.0924	3.60185E-88	0.12658	2.62574E-101
Foxl2_MA1607.1	Foxl2	MA1607.1	C_Foxj3	26956	0.20392	3923	0.20562	3802	0.20554	3835	0.20871	3747	0.01725	1.49746E-49	0.00918	5.96650E-32	0.04279	7.21293E-86	-0.0099	1.57215E-32	0.02714	7.23552E-63	0.03832	7.71286E-87
KLF6_MA1517.1	KLF6	MA1517.1	C_KLF4	39365	0.77235	19158	0.77795	19147	0.76629	18966	0.77825	19193	-0.02593	2.62570E-73	0.04728	6.18826E-98	0.00865	3.47110E-30	0.06902	3.81480E-114	0.03045	2.52921E-83	-0.03114	7.12221E-81
POU3F1_MA0786.1	POU3F1	MA0786.1	C_POU1F1	23037	0.2151	3258	0.21892	3199	0.21688	3217	0.21781	3120	0.01769	6.52223E-50	0.0164	8.61636E-48	0.06986	4.74132E-107	-0.00385	3.34209E-08	0.05454	9.29242E-93	0.06143	9.85245E-102
ZNF341_MA1655.1	ZNF341	MA1655.1	C_ZNF341	21132	0.35002	5669	0.3512	5552	0.35084	5615	0.35409	5524	0.02307	2.04083E-57	-0.00031	2.90674E-01	0.02046	6.04526E-54	-0.02431	8.40716E-61	-0.0013	1.12218E-02	0.02173	5.25725E-55
Wt1_MA1627.1	Wt1	MA1627.1	C_Wt1	58569	0.5165	22483	0.52108	22547	0.51726	22218	0.52616	22376	-0.01224	8.22237E-55	0.0243	2.15682E-79	-0.00065	5.52151E-02	0.03407	1.04882E-93	0.00806	1.85527E-35	-0.02199	1.02451E-75
CEBPA_MA0102.4	CEBPA	MA0102.4	C_CEBPA	15252	0.22253	2535	0.22019	2427	0.22351	2447	0.21985	2330	0.08857	1.11693E-104	0.02666	3.89629E-50	0.11724	9.24125E-112	-0.06726	1.79726E-93	0.04051	6.82803E-67	0.10507	4.49795E-107
ARGFX_MA1463.1	ARGFX	MA1463.1	C_EMX1	8865	0.19011	1175	0.19133	1162	0.1911	1147	0.19128	1098	0.04101	3.06069E-65	0.0276	2.79739E-49	0.07061	1.73124E-81	-0.01776	9.31812E-35	0.03402	5.14972E-50	0.05325	3.90828E-76
RXRB_MA0855.1	RXRB	MA0855.1	C_PPARD	18172	0.30395	4046	0.30335	3900	0.30151	3880	0.30042	3730	0.02823	1.43895E-61	0.03992	2.97255E-76	0.08244	1.70882E-107	0.0065	6.79502E-15	0.06031	5.41496E-94	0.05809	2.24601E-92
ELK4_MA0076.2	ELK4	MA0076.2	C_FEV	18081	0.74744	8724	0.75674	8621	0.74444	8583	0.75538	8358	0.06256	8.31507E-92	0.07935	4.25938E-102	0.14512	3.09615E-128	0.00668	2.74364E-10	0.09648	1.45723E-110	0.09414	1.68628E-109
NFIC_MA0161.2	NFIC	MA0161.2	C_NFIC	20239	0.29715	4712	0.29593	4574	0.29726	4625	0.29625	4443	0.02852	5.00387E-60	0.00613	3.20224E-20	0.04954	4.24247E-92	-0.02412	3.57223E-59	0.02451	3.99458E-59	0.04844	3.59667E-91
Pax2_MA0067.1	Pax2	MA0067.1	C_Pax2	5311	0.58626	2096	0.59501	2083	0.58901	2076	0.59557	2066	0.00648	6.25977E-08	0.02252	3.34830E-33	0.0468	1.97831E-59	0.013	1.63397E-18	0.0413	4.88406E-52	0.03217	2.69111E-45
RXRBvar.2_MA1555.1	RXRB(var.2)	MA1555.1	C_RXRG(var.2)	8925	0.39139	2565	0.39578	2580	0.3936	2561	0.39854	2562	-0.04299	1.68538E-66	-0.02239	3.06638E-41	-0.04627	1.66609E-69	0.02332	3.80631E-42	-0.01281	1.96934E-23	-0.034	4.46868E-57
TFAP2Avar.2_MA0810.1	TFAP2A(var.2)	MA0810.1	C_TFAP2A(var.2)	23544	0.48199	8700	0.48666	8679	0.48069	8592	0.49429	8688	-0.02762	1.04616E-67	0.02695	9.16288E-67	-0.05347	2.20182E-95	0.05228	1.83609E-94	-0.03377	5.03056E-76	-0.08282	4.83899E-114
KLF15_MA1513.1	KLF15	MA1513.1	C_KLF15	51698	0.91037	30662	0.924	30931	0.90481	30246	0.93446	31309	-0.02714	2.58260E-85	0.09689	4.36898E-135	-0.01716	1.88158E-61	0.11593	8.97089E-143	0.00416	5.14229E-20	-0.10265	2.08182E-137
RARARXRA_MA0159.1	RARA::RXRA	MA0159.1	C_RARA::RXRA	18223	0.30836	4185	0.31	4170	0.31027	4119	0.31458	4134	-0.01238	2.83640E-26	0.00489	9.54858E-12	-0.01418	8.01805E-31	0.01663	3.01717E-41	-0.00591	1.36902E-08	-0.02075	5.17614E-45
GSC_MA0648.1	GSC	MA0648.1	C_OTX2	9491	0.28072	1769	0.28536	1731	0.28265	1770	0.28457	1686	-0.01661	7.69542E-28	0.0301	3.10408E-50	0.05079	3.09380E-68	0.04314	2.47428E-64	0.06509	4.26764E-77	0.0293	3.23588E-49
Arntl_MA0603.1	Arntl	MA0603.1	C_ARNT2	7418	0.65251	3047	0.6624	3046	0.64709	3009	0.65463	2971	-0.01927	2.10292E-31	0.05239	1.87726E-67	0.07423	4.56918E-82	0.06728	6.47374E-78	0.09463	5.08170E-96	0.03864	4.99573E-55
DMRT3_MA0610.1	DMRT3	MA0610.1	C_DMRTC2	9957	0.21666	1551	0.21626	1509	0.21653	1486	0.21769	1444	0.05638	2.07577E-72	0.03549	2.34492E-53	0.07614	2.73257E-87	-0.02647	3.52504E-44	0.02648	5.79063E-42	0.05285	1.06415E-69
TBX1_MA0805.1	TBX1	MA0805.1	C_TBX15	15781	0.28904	3422	0.29142	3398	0.29243	3425	0.29596	3365	0.00091	3.76094E-02	-0.03213	3.16371E-61	-0.03124	4.57285E-60	-0.03005	2.52500E-56	-0.03592	1.66411E-67	-0.0091	6.56423E-16
RAX2_MA0717.1	RAX2	MA0717.1	C_LHX9	6888	0.22825	1022	0.23206	1003	0.23025	1005	0.2326	970	0.05368	4.33366E-71	0.04006	3.11112E-59	0.08162	2.72303E-88	-0.01941	1.49502E-30	0.03399	1.63216E-46	0.05492	6.80291E-72
RFX5_MA0510.2	RFX5	MA0510.2	C_RFX2	7529	0.47517	2406	0.48885	2440	0.48068	2388	0.49697	2425	-0.03878	8.45311E-63	0.00478	2.01967E-05	-0.02192	3.48263E-42	0.04376	1.49941E-63	0.00975	3.47869E-11	-0.02938	2.08741E-52
Mecom_MA0029.1	Mecom	MA0029.1	C_Mecom	25876	0.26553	5263	0.2583	4974	0.26117	5081	0.24971	4623	0.10996	1.22954E-133	0.08756	7.18312E-124	0.22088	1.37005E-163	-0.03492	1.02485E-84	0.13327	4.26609E-129	0.17239	6.10608E-153
GLIS3_MA0737.1	GLIS3	MA0737.1	C_GLIS3	10260	0.37287	2908	0.37887	2884	0.37485	2914	0.38475	2878	-0.05512	1.40765E-81	-0.02613	1.56079E-52	-0.08287	2.27036E-98	0.0322	1.17643E-51	-0.04066	2.20977E-69	-0.07127	4.08736E-92
CREB3L1_MA0839.1	CREB3L1	MA0839.1	C_CREB3	7427	0.47938	2445	0.48508	2414	0.48017	2407	0.48717	2415	0.01628	4.15904E-24	0.01919	5.22849E-29	0.01588	2.06865E-23	-4e-05	8.62988E-01	-8e-05	8.36863E-01	0.00075	6.27187E-01
DBP_MA0639.1	DBP	MA0639.1	C_NFIL3	5010	0.31052	1041	0.31584	1046	0.31533	1019	0.31634	979	0.03007	9.66675E-47	0.0136	5.08150E-11	0.07359	2.33979E-82	-0.01889	1.21251E-26	0.04805	6.82519E-65	0.06837	2.34433E-67
BATF3_MA0835.2	BATF3	MA0835.2	C_Smad2::Smad3	26879	0.33474	7037	0.31395	6488	0.33077	6865	0.30636	6146	0.20259	1.09876E-153	0.06275	5.78247E-99	0.2722	2.52573E-166	-0.15341	2.86881E-141	0.10697	2.66052E-126	0.25015	1.01405E-158
NR6A1_MA1541.1	NR6A1	MA1541.1	C_NR6A1	15715	0.27602	3257	0.27509	3194	0.27508	3215	0.27433	3064	0.04256	3.23631E-74	0.02868	2.39851E-60	0.06656	3.92623E-96	-0.01843	5.58713E-42	0.02944	4.89149E-59	0.04865	1.11972E-82
MSGN1_MA1524.1	MSGN1	MA1524.1	C_MSGN1	9682	0.28061	1974	0.28118	1948	0.28252	1963	0.28317	1893	0.04033	1.62822E-64	0.01915	1.55768E-36	0.04855	7.41529E-72	-0.02476	1.76838E-45	0.01233	3.32682E-23	0.03636	2.26853E-60
Arid5a_MA0602.1	Arid5a	MA0602.1	C_Arid5a	14195	0.16487	1518	0.16503	1533	0.16638	1505	0.16688	1451	0.0568	4.75173E-81	0.0182	3.82163E-37	0.08127	4.91912E-96	-0.04177	3.44066E-67	0.03089	1.26225E-55	0.07177	8.27817E-91
MLXIPL_MA0664.1	MLXIPL	MA0664.1	C_ARNT2	5730	0.64388	2267	0.65204	2269	0.6391	2247	0.64499	2214	-0.01268	1.28612E-14	0.07446	5.21876E-83	0.10324	1.64991E-96	0.08001	5.88391E-86	0.11964	1.14263E-102	0.05265	4.87848E-69
POU4F1_MA0790.1	POU4F1	MA0790.1	C_POU4F2	20844	0.17455	2432	0.17544	2380	0.17622	2384	0.17385	2267	0.04838	4.63955E-87	0.01995	9.51371E-50	0.10036	8.52367E-116	-0.03201	7.93789E-72	0.05757	5.79047E-94	0.09119	2.03212E-114
ETS2_MA1484.1	ETS2	MA1484.1	C_FEV	10391	0.75366	5026	0.76251	4962	0.74873	4956	0.75886	4769	0.06864	4.92137E-87	0.08808	2.23784E-97	0.16387	1.58700E-123	0.00837	4.19529E-17	0.1113	3.52226E-107	0.10799	6.54599E-106
Nr5a2_MA0505.1	Nr5a2	MA0505.1	C_Nr5a2	24547	0.29991	5697	0.29939	5589	0.30112	5611	0.30319	5551	0.00713	1.46442E-20	-0.00425	1.33789E-16	-0.00425	1.33789E-16	-0.01152	1.47412E-39	-0.01311	5.99352E-37	-0.0023	8.52155E-10
Hmx3_MA0898.1	Hmx3	MA0898.1	C_Hmx3	13802	0.19988	1988	0.20153	1913	0.20174	1932	0.20071	1824	0.04637	3.38389E-77	0.02454	3.90680E-46	0.11657	2.56468E-109	-0.02602	5.21524E-46	0.07656	1.41107E-91	0.10527	5.37109E-105
NFIL3_MA0025.2	NFIL3	MA0025.2	C_NFIL3	13575	0.22773	2138	0.22955	2115	0.23083	2124	0.23188	2057	0.05462	7.52044E-85	0.01001	1.19795E-17	0.08147	7.77965E-102	-0.04727	2.58780E-76	0.03464	4.48649E-60	0.08045	2.02148E-97
GATA1TAL1_MA0140.2	GATA1::TAL1	MA0140.2	C_GATA1::TAL1	32286	0.38769	9386	0.38543	9137	0.39158	9211	0.38578	8832	0.05848	9.61315E-109	0.04588	2.63301E-98	0.1477	1.14585E-148	-0.01925	1.96057E-52	0.10403	7.94854E-127	0.12656	5.19305E-142
LEF1_MA0768.1	LEF1	MA0768.1	C_LEF1	23643	0.22319	3902	0.222	3774	0.22262	3777	0.21947	3601	0.07131	7.11597E-104	0.0437	1.91322E-83	0.12443	1.83128E-127	-0.03417	2.79261E-71	0.06405	1.77491E-102	0.09891	1.04434E-117
PRRX1_MA0716.1	PRRX1	MA0716.1	C_LHX9	8788	0.21243	1230	0.2157	1204	0.2143	1208	0.21598	1155	0.05103	1.47499E-73	0.03525	8.90283E-62	0.08057	2.72359E-96	-0.02108	8.35703E-39	0.0351	1.37028E-58	0.05768	3.74669E-82
ELF3_MA0640.2	ELF3	MA0640.2	C_EHF	45246	0.34563	11557	0.34062	11112	0.34359	11253	0.33679	10631	0.09453	1.31784E-135	0.04964	3.98668E-106	0.15534	9.17244E-157	-0.05364	1.68751E-109	0.07802	1.20453E-123	0.13033	1.66006E-147
Ptf1avar.3_MA1620.1	Ptf1a(var.3)	MA1620.1	C_Rbpjl	18719	0.25525	3636	0.26637	3756	0.26447	3709	0.27935	3908	-0.10034	4.45645E-112	-0.09276	1.03748E-108	-0.21532	6.99752E-145	0.01873	6.82689E-44	-0.13574	2.30198E-130	-0.16053	2.95265E-132
FOSL2JUNvar.2_MA1131.1	FOSL2::JUN(var.2)	MA1131.1	C_FOSL1::JUN(var.2)	8254	0.55844	2678	0.5733	2728	0.56841	2678	0.5816	2691	0.0148	8.88279E-26	-0.00399	5.66190E-06	0.04252	1.21421E-65	-0.0192	1.86203E-31	0.02971	5.59058E-51	0.04941	1.53052E-61
PAX6_MA0069.1	PAX6	MA0069.1	C_PAX6	9168	0.25313	1618	0.25415	1559	0.25277	1576	0.25147	1480	0.02012	5.91652E-36	0.04886	1.21340E-67	0.09794	7.85276E-96	0.02237	2.64704E-39	0.08157	2.82012E-88	0.06584	1.55057E-79
TBX2_MA0688.1	TBX2	MA0688.1	C_TBX18	13637	0.26371	2756	0.26729	2725	0.2681	2727	0.27237	2654	-0.00333	2.45275E-04	-0.01642	6.65640E-35	-0.00701	1.50727E-12	-0.01169	2.13939E-25	-0.00653	4.45345E-12	0.00468	1.67450E-07
ESR2_MA0258.2	ESR2	MA0258.2	C_ESR2	20483	0.32876	5241	0.32859	5183	0.33167	5231	0.33462	5137	0.00369	3.65019E-05	-0.02542	4.72878E-54	-0.03601	5.88079E-68	-0.02694	2.53508E-56	-0.04344	1.14330E-75	-0.02001	5.68405E-45
MEF2A_MA0052.4	MEF2A	MA0052.4	C_MEF2A	41249	0.17652	5032	0.17649	4869	0.17777	4940	0.17737	4675	0.04476	8.54242E-94	0.02063	1.33535E-64	0.07607	2.70592E-116	-0.02767	5.49235E-80	0.03648	3.35221E-89	0.06455	1.24687E-113
PAX4_MA0068.2	PAX4	MA0068.2	C_LBX1	4761	0.23024	748	0.23447	763	0.23351	748	0.23509	709	0.03667	7.45710E-44	0.0143	1.88307E-16	0.07277	1.69514E-70	-0.02527	3.42868E-29	0.04019	3.26878E-47	0.06617	1.22921E-66
JUNBvar.2_MA1140.2	JUNB(var.2)	MA1140.2	C_FOSL1::JUN(var.2)	5574	0.68755	2146	0.70958	2199	0.69963	2138	0.72209	2166	-0.01259	7.17775E-12	-0.00379	1.17953E-02	0.02853	7.13587E-42	0.0092	4.20264E-11	0.03958	1.74989E-53	0.03368	2.36291E-46
Twist2_MA0633.1	Twist2	MA0633.1	C_Atoh1	12050	0.25069	2219	0.25277	2159	0.25297	2200	0.25339	2075	-0.00087	2.31576E-01	-0.0116	4.66802E-19	0.02257	2.55540E-46	-0.00992	2.10565E-22	0.02242	8.86415E-49	0.03329	5.85654E-62
Hmx1_MA0896.1	Hmx1	MA0896.1	C_Hmx3	10322	0.22484	1699	0.22653	1624	0.22636	1663	0.22681	1553	0.04873	1.42022E-76	0.02608	2.14164E-51	0.11111	2.18265E-111	-0.027	3.16932E-52	0.06853	7.55643E-94	0.09812	4.35379E-106
MYCN_MA0104.4	MYCN	MA0104.4	C_MNT	8056	0.58503	3306	0.59155	3313	0.57964	3217	0.58798	3217	-0.02144	2.26933E-39	0.05255	1.15960E-73	0.0351	4.25848E-57	0.06907	3.67762E-85	0.05436	9.89583E-74	-0.0054	1.17981E-07
Nr2f6var.2_MA0728.1	Nr2f6(var.2)	MA0728.1	C_Rarb	20331	0.26108	3973	0.26271	3932	0.26213	3929	0.26535	3877	-0.00874	4.18207E-20	-0.00558	7.94136E-15	-0.01755	6.64191E-48	0.0035	2.85683E-09	-0.01282	3.02642E-30	-0.01584	3.72929E-44
OVOL1_MA1544.1	OVOL1	MA1544.1	C_OVOL1	2853	0.4154	827	0.43049	813	0.4166	819	0.42208	797	-0.00765	1.43462E-06	0.03166	8.92646E-33	0.0706	1.30688E-63	0.03575	4.96948E-37	0.07906	2.65774E-68	0.05207	2.77680E-51
TCF21var.2_MA1568.1	TCF21(var.2)	MA1568.1	C_TCF21(var.2)	7943	0.30157	1982	0.30112	1916	0.30268	1945	0.30428	1875	0.04704	7.56826E-63	0.01259	1.72757E-16	0.04648	2.38080E-62	-0.03744	4.89879E-55	0.00446	5.71976E-03	0.0395	1.19407E-55
MEOX1_MA0661.1	MEOX1	MA0661.1	C_EMX1	7557	0.21372	1173	0.21763	1197	0.21659	1177	0.216	1124	0.01204	2.16631E-17	0.00631	3.15169E-06	0.06606	3.02500E-77	-0.00702	1.92966E-11	0.05503	1.63928E-69	0.06528	7.12734E-80
NFATC2_MA0152.1	NFATC2	MA0152.1	C_NFATC2	41216	0.23391	7127	0.23639	6956	0.23597	7006	0.23806	6816	0.0183	1.27359E-56	0.02519	8.93972E-76	0.05236	1.56093E-100	0.00346	1.10015E-08	0.03582	2.87782E-84	0.03511	1.48876E-83
IRF2_MA0051.1	IRF2	MA0051.1	C_IRF2	18884	0.25788	3642	0.26022	3564	0.26057	3589	0.26349	3519	0.06238	3.63206E-95	0.02777	4.22533E-70	0.08747	1.37021E-109	-0.03937	3.30594E-83	0.03236	1.27493E-66	0.07139	6.51668E-101
FOXB1_MA0845.1	FOXB1	MA0845.1	C_FOXC2	25828	0.18669	3215	0.18967	3189	0.18894	3189	0.19257	3144	0.00688	1.65806E-19	-0.00799	2.14902E-24	0.01542	1.89655E-45	-0.0145	7.94876E-44	0.00766	1.25064E-21	0.02231	6.30939E-60
PRDM4_MA1647.1	PRDM4	MA1647.1	C_PRDM4	25713	0.2802	5460	0.28131	5338	0.28148	5333	0.28014	5177	0.04471	8.42269E-85	0.02338	4.95140E-58	0.0881	6.60534E-112	-0.02532	1.89763E-61	0.05036	7.89163E-90	0.07678	8.87000E-108
MEIS2var.2_MA1640.1	MEIS2(var.2)	MA1640.1	C_PBX2	17562	0.1957	2359	0.19268	2236	0.19411	2310	0.19042	2156	0.08088	6.61160E-104	0.04839	1.29506E-81	0.13513	1.25722E-120	-0.03987	4.91431E-73	0.0655	2.05911E-89	0.10618	2.12654E-115
FOXE1_MA1487.1	FOXE1	MA1487.1	C_FOXE1	24357	0.22011	3923	0.22123	3843	0.22161	3833	0.2222	3688	0.03266	2.52830E-67	0.02083	9.71640E-63	0.06985	1.53467E-98	-0.01518	1.82774E-34	0.04148	1.74916E-79	0.05804	8.41275E-91
VAX1_MA0722.1	VAX1	MA0722.1	C_EMX1	8395	0.18075	1059	0.18383	1065	0.18222	1055	0.1831	1015	0.0251	4.16378E-46	0.0238	3.27794E-44	0.05827	3.18434E-73	-0.00487	1.45711E-03	0.03543	1.45607E-53	0.04261	2.85427E-66
TCF4_MA0830.2	TCF4	MA0830.2	C_TCF3	27919	0.32015	7196	0.32868	7314	0.32609	7165	0.34126	7455	-0.08912	2.09974E-121	-0.06297	1.87038E-110	-0.18026	1.40410E-155	0.03426	2.17577E-80	-0.10959	3.34316E-134	-0.14684	9.08615E-147
ATF3_MA0605.2	ATF3	MA0605.2	C_FOSL1::JUN(var.2)	5462	0.68722	2049	0.7098	2091	0.70097	2048	0.72204	2081	-0.00722	4.07995E-07	-0.0118	1.40728E-11	0.01013	7.31304E-11	-0.00339	1.24523E-01	0.01512	8.87072E-19	0.01975	1.19197E-27
TAL1TCF3_MA0091.1	TAL1::TCF3	MA0091.1	C_TAL1::TCF3	17514	0.28726	3860	0.2885	3750	0.28886	3715	0.28958	3631	0.0106	3.97729E-29	0.02412	1.15860E-58	0.05444	5.39782E-90	0.0103	3.10915E-26	0.04534	1.52133E-84	0.0388	4.86716E-78
KLF5_MA0599.1	KLF5	MA0599.1	C_KLF4	85001	0.68338	38098	0.69038	38154	0.68183	37704	0.69423	38026	-0.03033	1.05886E-92	0.03501	1.82731E-98	-0.00534	2.13320E-30	0.06239	1.51243E-123	0.01942	5.85695E-74	-0.03626	1.00019E-101
RHOXF1_MA0719.1	RHOXF1	MA0719.1	C_RHOXF1	13100	0.22499	1983	0.23097	1997	0.22725	1932	0.23036	1913	-0.03572	2.38412E-65	0.01334	2.84162E-27	0.0185	2.92269E-40	0.04768	4.57446E-75	0.04856	8.45669E-77	0.00801	1.59571E-14
Isl1_MA1608.1	Isl1	MA1608.1	C_Isl1	8169	0.25965	1521	0.26151	1512	0.26219	1462	0.26542	1440	0.03893	3.21179E-60	0.01641	7.34989E-30	0.05301	1.51846E-72	-0.02551	2.53029E-41	0.01807	8.71288E-33	0.04354	1.23667E-64
Dmrt1_MA1603.1	Dmrt1	MA1603.1	C_Dmrt1	14608	0.20723	2176	0.20781	2122	0.20819	2152	0.20867	2018	0.03269	2.98528E-62	0.01174	9.17333E-24	0.05282	1.33942E-82	-0.02331	7.66388E-52	0.02378	1.07096E-46	0.04728	7.35193E-78
Rargvar.2_MA0860.1	Rarg(var.2)	MA0860.1	C_Rarg(var.2)	19741	0.29932	4602	0.30053	4561	0.30048	4548	0.30127	4445	-0.01172	2.32995E-28	-0.00328	2.10918E-04	0.00197	8.48807E-04	0.00868	1.25959E-22	0.0104	1.28622E-30	0.00375	4.80155E-08
Zic1Zic2_MA1628.1	Zic1::Zic2	MA1628.1	C_Zic2	36316	0.38025	11045	0.38115	10908	0.38321	10881	0.38984	10938	-0.00669	1.99490E-23	-0.01226	5.85908E-42	-0.05268	6.21198E-100	-0.00458	3.79428E-15	-0.0516	4.63197E-99	-0.04912	5.47301E-97
HOXC9_MA0485.2	HOXC9	MA0485.2	C_HOXC10	6142	0.23357	1081	0.23389	1015	0.2334	1053	0.23438	1018	0.08488	3.02353E-80	0.04699	2.07376E-55	0.11262	2.28266E-92	-0.046	2.34745E-57	0.03908	1.36675E-52	0.08365	1.27001E-79
TCF12var.2_MA1648.1	TCF12(var.2)	MA1648.1	C_TCF3	28115	0.43503	9502	0.44412	9627	0.43834	9418	0.45544	9752	-0.06647	1.20799E-105	-0.02061	5.60316E-57	-0.1227	3.55121E-131	0.04918	1.28836E-92	-0.07099	7.05988E-108	-0.11965	4.22204E-130
Ascl2_MA0816.1	Ascl2	MA0816.1	C_Tcf12	28910	0.34605	7662	0.34615	7543	0.34849	7543	0.35048	7387	0.01217	3.51320E-41	-0.00385	5.54493E-10	0.00509	5.39492E-16	-0.01631	1.92913E-51	-0.00782	4.99803E-28	0.00768	3.45972E-26
NEUROG2_MA0669.1	NEUROG2	MA0669.1	C_NEUROG2	12795	0.26317	2543	0.2628	2452	0.26184	2448	0.26226	2340	0.02826	2.62245E-52	0.04985	1.56381E-75	0.08247	7.28312E-97	0.01511	1.46043E-29	0.05824	7.25187E-83	0.04801	5.88407E-74
ELK1_MA0028.2	ELK1	MA0028.2	C_FEV	8803	0.96418	5141	0.98354	5124	0.96306	5074	0.98624	5029	0.02983	6.35178E-42	0.08692	2.34329E-87	0.12523	2.98967E-103	0.04765	2.24034E-61	0.10479	1.70728E-95	0.06553	4.33501E-75
Sox11_MA0869.1	Sox11	MA0869.1	C_Sox11	18855	0.21573	2918	0.21472	2803	0.21477	2817	0.21162	2635	0.04393	1.20715E-75	0.04752	5.88557E-79	0.11329	4.52376E-116	-0.00321	1.14119E-05	0.07577	2.13738E-100	0.0838	3.94584E-103
Mafb_MA0117.2	Mafb	MA0117.2	C_MAFF	17518	0.27398	3543	0.27249	3380	0.27521	3432	0.27148	3247	0.05006	1.35830E-87	0.02733	4.09925E-61	0.111	1.52230E-121	-0.02723	2.55233E-60	0.06959	1.40122E-101	0.09861	9.37161E-115
Foxd3_MA0041.1	Foxd3	MA0041.1	C_Foxd3	39504	0.18414	5079	0.18405	4946	0.18538	5066	0.18417	4756	0.05191	4.13236E-101	0.02918	7.26207E-77	0.09771	1.91502E-136	-0.02732	5.40885E-71	0.05269	1.02573E-104	0.08113	7.79427E-121
FOXD2_MA0847.2	FOXD2	MA0847.2	C_FOXC2	24256	0.2047	3496	0.2068	3447	0.2062	3451	0.20804	3353	0.02795	9.72576E-63	0.01871	4.87679E-51	0.05924	1.17627E-93	-0.0122	3.88617E-34	0.03447	6.67165E-75	0.04809	2.41115E-89
ASCL1_MA1100.2	ASCL1	MA1100.2	C_Tcf12	22984	0.37194	6766	0.37255	6693	0.37437	6650	0.38001	6629	-2e-05	8.93398E-01	-0.01858	4.14403E-51	-0.03678	9.80971E-79	-0.01698	1.14063E-47	-0.04091	3.44982E-83	-0.02652	3.04684E-65
GBX2_MA0890.1	GBX2	MA0890.1	C_GBX2	7452	0.24873	1252	0.25465	1259	0.25244	1239	0.25283	1199	0.03075	6.25117E-41	0.00864	1.33439E-06	0.07603	1.44580E-78	-0.02397	1.17100E-37	0.04884	5.91599E-66	0.07472	8.07810E-78
LMX1A_MA0702.2	LMX1A	MA0702.2	C_EMX1	8389	0.18079	1058	0.18389	1065	0.18224	1053	0.18315	1015	0.02501	2.18514E-44	0.02444	1.56537E-43	0.05861	3.06444E-79	-0.00421	1.61013E-01	0.03584	3.59718E-60	0.04242	3.90636E-65
GSC2_MA0891.1	GSC2	MA0891.1	C_OTX2	8314	0.27826	1664	0.28173	1667	0.28255	1683	0.28402	1609	0.01501	1.09590E-23	-0.00734	2.14729E-08	0.02576	1.44913E-43	-0.02218	1.08120E-34	0.01123	1.65812E-19	0.03298	5.91942E-50
GABPA_MA0062.3	GABPA	MA0062.3	C_EHF	40471	0.36573	10851	0.3599	10384	0.36302	10583	0.35581	9946	0.10554	1.21967E-137	0.05416	2.39255E-103	0.16434	7.72766E-151	-0.06093	3.42449E-108	0.07837	1.00347E-120	0.13677	5.86076E-143
MZF1var.2_MA0057.1	MZF1(var.2)	MA0057.1	C_MZF1(var.2)	22749	0.39542	6798	0.40007	6746	0.39784	6720	0.40631	6784	-0.00081	2.89093E-01	0.0013	4.92880E-02	-0.00639	7.86904E-15	0.00159	1.77709E-02	-0.00825	1.11327E-20	-0.00928	7.80232E-24
POU1F1_MA0784.1	POU1F1	MA0784.1	C_POU1F1	23036	0.22505	3342	0.22797	3300	0.22595	3309	0.22657	3185	0.02953	8.16103E-71	0.03436	5.02427E-76	0.0889	5.90237E-121	-0.00012	4.31071E-01	0.06408	2.63200E-100	0.06791	1.96481E-104
ZIC1_MA0696.1	ZIC1	MA0696.1	C_ZIC5	21092	0.47161	7846	0.47509	7809	0.47226	7742	0.48334	7912	-0.01959	4.46452E-57	0.00906	1.38820E-23	-0.04697	6.58481E-92	0.02794	1.84894E-67	-0.03405	2.19686E-72	-0.06098	9.09892E-103
HOXD8_MA0910.2	HOXD8	MA0910.2	C_HOXA7	7042	0.24654	1279	0.25146	1279	0.25103	1288	0.25226	1235	0.01159	3.52854E-14	-0.01373	4.68336E-22	0.0454	9.83712E-63	-0.02445	4.05699E-39	0.03424	3.62806E-46	0.05949	2.07441E-71
SOX8_MA0868.2	SOX8	MA0868.2	C_SOX15	16265	0.2065	2307	0.20519	2205	0.20401	2250	0.19833	2025	0.04815	2.22192E-87	0.05582	1.53049E-89	0.14829	2.41752E-131	-6e-05	7.05563E-01	0.10871	1.95395E-112	0.11483	2.30130E-120
HOXA2_MA0900.2	HOXA2	MA0900.2	C_EMX1	5925	0.19386	799	0.19788	816	0.19618	808	0.19727	779	0.00616	3.50397E-04	0.01224	6.27423E-14	0.04283	3.13330E-52	0.0042	3.99622E-02	0.03644	2.97462E-46	0.03513	2.16718E-48
ATF4_MA0833.2	ATF4	MA0833.2	C_CEBPG(var.2)	15238	0.25077	2721	0.25321	2666	0.25594	2679	0.25759	2598	0.03947	3.77519E-75	-0.01399	5.51595E-35	0.05638	4.02126E-90	-0.05338	7.96544E-88	0.022	6.24992E-47	0.07247	8.85610E-101
ZNF135_MA1587.1	ZNF135	MA1587.1	C_ZNF460	51704	0.29725	11775	0.30142	11783	0.30104	11657	0.30951	11886	-0.05351	8.48588E-111	-0.04303	2.54138E-99	-0.10494	9.78757E-138	0.01569	5.09496E-60	-0.06325	3.65367E-115	-0.08039	3.02105E-126
EN2_MA0642.1	EN2	MA0642.1	C_GBX2	5494	0.30665	1107	0.3149	1103	0.30997	1099	0.31166	1038	0.01036	1.09318E-11	0.02377	4.30898E-31	0.07443	9.32349E-74	0.0101	2.63269E-11	0.06592	8.56460E-69	0.06081	1.58182E-65
ETV6_MA0645.1	ETV6	MA0645.1	C_EHF	18217	0.62295	7435	0.62463	7177	0.61897	7237	0.61841	6915	0.11689	1.08982E-122	0.08244	5.43810E-105	0.22036	2.51276E-147	-0.04679	6.41156E-82	0.12866	8.73051E-127	0.17523	1.86943E-137
BARX2_MA1471.1	BARX2	MA1471.1	C_BARX2	18716	0.18095	2338	0.18054	2250	0.1806	2294	0.17817	2146	0.05126	6.77215E-88	0.03478	2.05660E-71	0.10305	7.21943E-113	-0.02182	1.54944E-54	0.05864	6.77763E-87	0.08277	1.81371E-108
BCL6_MA0463.2	BCL6	MA0463.2	C_BCL6	12695	0.30056	2791	0.30292	2759	0.30216	2742	0.30487	2698	0.03613	3.64839E-61	0.0099	7.99840E-18	0.04387	4.58137E-69	-0.02863	7.39505E-52	0.01085	8.23877E-17	0.03885	4.23386E-64
EVX2_MA0888.1	EVX2	MA0888.1	C_Dlx1	6054	0.24458	1052	0.24849	1056	0.24748	1051	0.24783	992	0.00896	1.04487E-10	3e-05	5.32074E-01	0.06417	2.11207E-70	-0.00945	5.74401E-09	0.05641	3.46536E-65	0.06872	3.36033E-73
BACH2_MA1101.2	BACH2	MA1101.2	C_Smad2::Smad3	16295	0.33415	4211	0.3159	3874	0.33028	4090	0.30573	3701	0.1941	3.85222E-146	0.06186	1.63079E-93	0.26656	1.03528E-159	-0.14469	1.08990E-128	0.10819	3.12397E-121	0.24451	9.59786E-152
TBX3_MA1566.1	TBX3	MA1566.1	C_TBX15	16616	0.3264	3971	0.33096	3971	0.33186	3974	0.33826	3940	-0.01636	1.40939E-41	-0.04072	2.19895E-76	-0.0722	3.98523E-100	-0.02028	1.64578E-49	-0.06339	1.24517E-95	-0.04706	3.71753E-83
Sox3_MA0514.1	Sox3	MA0514.1	C_Sox6	39107	0.23507	6845	0.2344	6590	0.23409	6709	0.23158	6234	0.04334	2.52817E-95	0.0388	4.79479E-93	0.10368	1.51083E-134	-0.00998	2.42404E-37	0.06778	1.73189E-114	0.0806	4.40684E-123
ZBTB14_MA1650.1	ZBTB14	MA1650.1	C_ZBTB14	19665	0.76704	10769	0.78143	10865	0.76178	10545	0.79007	10951	-0.04009	2.16684E-76	0.08401	4.92296E-107	-0.03503	7.44414E-71	0.11788	1.40088E-121	-0.0029	1.60038E-05	-0.11231	8.17658E-120
ZKSCAN1_MA1585.1	ZKSCAN1	MA1585.1	C_ZKSCAN1	10786	0.32106	2606	0.3246	2567	0.32521	2579	0.33025	2536	0.01089	6.17887E-22	-0.02386	6.00851E-44	-0.00471	2.36278E-07	-0.03287	1.27620E-56	-0.01687	2.17150E-31	0.01336	2.32588E-27
Nobox_MA0125.1	Nobox	MA0125.1	C_GBX2	9112	0.23516	1458	0.24103	1457	0.23835	1423	0.23931	1375	0.01274	2.25937E-19	0.01061	3.15739E-15	0.06892	1.13415E-80	-0.00393	3.89954E-04	0.0573	5.49900E-72	0.06477	4.57054E-78
Dlx3_MA0880.1	Dlx3	MA0880.1	C_Dlx3	7626	0.23003	1203	0.23528	1210	0.23321	1213	0.23246	1122	0.02068	1.87366E-34	0.01368	5.85556E-22	0.09257	6.15686E-94	-0.00907	7.02622E-13	0.07442	1.02970E-84	0.08778	1.09873E-91
EMX2_MA0886.1	EMX2	MA0886.1	C_EMX1	5515	0.20492	782	0.20915	805	0.20781	789	0.20857	758	0.01416	7.35733E-19	0.00103	6.09334E-01	0.04885	3.70767E-56	-0.01392	8.73329E-20	0.03551	7.02049E-44	0.05104	2.23988E-63
CEBPG_MA0838.1	CEBPG	MA0838.1	C_CEBPA	4198	0.37787	1110	0.37752	1090	0.37999	1084	0.3778	1040	0.11882	1.48304E-86	0.04542	6.29894E-47	0.13283	2.63285E-91	-0.08022	4.35262E-71	0.0313	2.97149E-33	0.10673	5.37136E-82
NFICTLX1_MA0119.1	NFIC::TLX1	MA0119.1	C_NFIB	21637	0.38424	6307	0.38017	6124	0.38243	6158	0.37969	5926	0.05071	9.65231E-90	0.04291	1.15954E-82	0.09218	2.15559E-112	-0.01402	3.19191E-39	0.05037	1.69408E-86	0.06596	5.96258E-101
SPIB_MA0081.2	SPIB	MA0081.2	C_SPI1	53099	0.32094	12584	0.31482	11934	0.3182	12239	0.3102	11387	0.12419	1.05346E-146	0.05703	6.45950E-108	0.19167	2.54770E-163	-0.07701	5.75726E-121	0.08926	4.28237E-135	0.16365	3.50290E-153
HOXB3_MA0903.1	HOXB3	MA0903.1	C_EMX1	9430	0.20872	1373	0.21195	1364	0.21066	1364	0.21126	1284	0.02719	5.17781E-49	0.02207	4.88888E-41	0.06177	5.16234E-82	-0.00857	4.23457E-16	0.03748	1.98727E-61	0.0481	2.78484E-72
ZFP57_MA1583.1	ZFP57	MA1583.1	C_ZFP57	4095	0.60104	1857	0.61202	1836	0.59805	1826	0.62049	1861	-0.02937	1.31002E-30	0.06757	6.63397E-64	-0.03367	2.63295E-35	0.09113	5.01489E-76	-0.01122	4.57802E-08	-0.09355	5.67618E-76
OLIG1_MA0826.1	OLIG1	MA0826.1	C_Atoh1	7775	0.2291	1211	0.23065	1184	0.22827	1165	0.22865	1130	-0.00818	8.12108E-13	0.046	1.62774E-69	0.07533	4.09562E-78	0.0487	6.70240E-72	0.08288	3.84477E-90	0.04312	8.00829E-67
Sox6_MA0515.1	Sox6	MA0515.1	C_Sox6	28049	0.22612	4701	0.22375	4476	0.22265	4542	0.21594	4106	0.05773	2.91793E-104	0.06045	4.78083E-109	0.15547	1.70867E-149	-0.00534	6.15044E-06	0.10937	8.46056E-132	0.12023	3.07568E-128
ZSCAN29_MA1602.1	ZSCAN29	MA1602.1	C_ZSCAN29	6288	0.35719	1721	0.35939	1700	0.35977	1713	0.36719	1662	-0.00176	5.21112E-01	-0.04602	6.02049E-58	-0.07381	1.40322E-77	-0.04011	2.04176E-52	-0.07787	7.63759E-80	-0.04467	9.70388E-57
ZIC3_MA0697.1	ZIC3	MA0697.1	C_ZIC5	20168	0.49434	7690	0.49946	7725	0.49531	7609	0.50812	7769	-0.02594	6.15438E-59	0.00798	1.03074E-18	-0.0531	1.79473E-88	0.03341	6.96634E-69	-0.03486	2.90206E-66	-0.06686	3.20921E-98
Foxf1_MA1606.1	Foxf1	MA1606.1	C_Foxj3	21855	0.22543	3530	0.22795	3422	0.22791	3469	0.23231	3380	0.00425	6.46227E-08	0.01149	2.13798E-29	0.03749	2.06945E-74	0.00557	9.70800E-12	0.03333	4.43097E-75	0.03047	7.76610E-66
GATA1_MA0035.4	GATA1	MA0035.4	C_GATA6	27466	0.32894	6978	0.32019	6507	0.32258	6565	0.30659	5921	0.10886	4.13621E-132	0.11801	1.43018E-135	0.27376	1.04601E-171	-0.00629	1.38864E-20	0.1927	3.39899E-151	0.20825	5.90589E-160
NR2C2_MA0504.1	NR2C2	MA0504.1	C_NR2C2	29287	0.39967	8827	0.40387	8765	0.40198	8666	0.40885	8755	-0.01277	3.36416E-38	0.00078	4.57434E-03	-0.0302	1.97521E-73	0.01336	1.16252E-44	-0.02268	2.65945E-61	-0.03513	6.61235E-80
LHX6_MA0658.1	LHX6	MA0658.1	C_EMX1	6055	0.21181	900	0.21355	893	0.21394	896	0.21212	858	0.03186	1.99395E-40	0.00423	8.75555E-02	0.07238	4.09478E-74	-0.02891	1.78819E-41	0.04468	5.77574E-56	0.07421	3.52167E-75
NFYB_MA0502.2	NFYB	MA0502.2	C_NFYB	17796	0.76396	6559	0.79646	6596	0.77807	6508	0.81081	6528	-0.07155	2.93087E-100	-0.00986	2.81067E-22	-0.0602	7.69138E-93	0.06403	1.85274E-96	-0.00111	6.03165E-01	-0.0595	2.44181E-92
Dlx1_MA0879.1	Dlx1	MA0879.1	C_Dlx1	8496	0.20021	1177	0.20276	1193	0.20183	1192	0.20118	1144	0.0326	4.67106E-48	0.02464	1.94828E-37	0.08078	1.08370E-85	-0.01203	7.06879E-21	0.05215	3.49429E-67	0.06652	1.97909E-77
EWSR1-FLI1_MA0149.1	EWSR1-FLI1	MA0149.1	C_EWSR1-FLI1	56459	0.35275	14944	0.35602	14889	0.35559	14768	0.3619	14822	0.01008	7.23064E-48	0.00089	1.26819E-01	0.00392	1.30013E-19	-0.00994	9.41484E-45	-0.00719	1.39759E-30	0.00243	6.14716E-07
RORA_MA0071.1	RORA	MA0071.1	C_RORA	14933	0.26369	3009	0.26246	2918	0.26248	2966	0.26165	2857	0.01951	2.34933E-41	0.02168	3.86728E-45	0.05342	8.31743E-81	-0.00096	6.22023E-01	0.03653	8.89407E-66	0.03982	9.73143E-69
Lhx4_MA0704.1	Lhx4	MA0704.1	C_EMX1	7784	0.17372	934	0.17469	903	0.17456	916	0.17482	872	0.05759	3.79055E-77	0.03759	3.60426E-55	0.08093	4.04279E-91	-0.02566	2.20877E-41	0.02936	2.67608E-46	0.0557	2.08901E-70
PAX3_MA0780.1	PAX3	MA0780.1	C_PAX7	7581	0.18244	910	0.18432	861	0.17988	869	0.17779	796	0.00497	7.03998E-03	0.06746	3.00235E-86	0.11846	1.95396E-105	0.05473	1.66416E-77	0.11498	2.58252E-99	0.07175	7.64584E-89
Stat6_MA0520.1	Stat6	MA0520.1	C_Stat6	20234	0.24048	3583	0.24067	3513	0.24112	3525	0.2406	3394	0.05684	2.22420E-93	0.02961	5.92026E-66	0.09725	3.73289E-114	-0.03224	3.64661E-70	0.04818	2.35910E-86	0.08086	1.92549E-108
Klf12_MA0742.1	Klf12	MA0742.1	C_Klf12	32658	0.724	14350	0.72838	14352	0.71579	14170	0.72326	14224	-0.02799	7.75516E-69	0.0583	4.72722E-99	0.03034	2.07704E-71	0.08073	5.44414E-113	0.05513	2.91728E-96	-0.0157	3.26974E-46
ZBTB33_MA0527.1	ZBTB33	MA0527.1	C_ZBTB33	6487	0.76574	3273	0.78906	3300	0.7656	3184	0.79717	3302	-0.05448	1.69228E-64	0.08517	1.81345E-80	0.01829	6.12386E-21	0.13125	4.18534E-99	0.06673	4.85396E-70	-0.0524	5.63980E-63
Shox2_MA0720.1	Shox2	MA0720.1	C_LHX9	6888	0.22825	1022	0.23206	1003	0.23025	1005	0.2326	970	0.05368	4.33366E-71	0.04006	3.11112E-59	0.08162	2.72303E-88	-0.01941	1.49502E-30	0.03399	1.63216E-46	0.05492	6.80291E-72
Hmx2_MA0897.1	Hmx2	MA0897.1	C_Hmx3	13339	0.21006	1992	0.21195	1927	0.21154	1959	0.21056	1833	0.04812	1.18319E-75	0.02621	1.18654E-50	0.1168	1.51250E-113	-0.02628	1.09834E-52	0.07515	1.27589E-94	0.10423	1.18604E-108
HSF2_MA0770.1	HSF2	MA0770.1	C_HSF2	12750	0.24917	2344	0.25254	2316	0.25223	2342	0.25559	2276	0.0216	1.12962E-45	0.00598	2.84245E-10	0.03965	7.30795E-70	-0.01724	5.70054E-38	0.01986	2.77144E-40	0.03726	2.67197E-67
HINFP_MA0131.2	HINFP	MA0131.2	C_HINFP	8408	0.64711	4229	0.66422	4324	0.64486	4193	0.67442	4346	-0.06373	5.13736E-78	0.08105	8.55651E-90	-0.06326	1.06381E-77	0.13879	2.22223E-112	-0.01056	2.35630E-13	-0.14063	4.45191E-112
ALX3_MA0634.1	ALX3	MA0634.1	C_LHX9	10144	0.20814	1460	0.21037	1422	0.20994	1436	0.21004	1353	0.04336	9.76814E-69	0.02744	4.40219E-50	0.08176	2.01529E-95	-0.02027	8.82403E-40	0.04359	5.90400E-69	0.06556	1.84184E-85
NR1D2_MA1532.1	NR1D2	MA1532.1	C_NR1D1	15340	0.29577	3422	0.29633	3380	0.29871	3393	0.30054	3349	0.00701	7.72953E-17	-0.01942	9.76098E-44	-0.01096	2.95356E-21	-0.02491	8.43892E-53	-0.01995	3.41213E-47	0.00278	3.46333E-02
HNF1B_MA0153.2	HNF1B	MA0153.2	C_HNF1A	11387	0.18612	1484	0.18596	1410	0.1857	1420	0.18355	1309	0.05127	6.20315E-74	0.03977	8.19180E-64	0.11484	2.29740E-107	-0.01792	5.79185E-30	0.07026	3.58533E-90	0.09113	1.19627E-97
BHLHE40_MA0464.2	BHLHE40	MA0464.2	C_ARNT2	6157	0.66199	2567	0.6729	2559	0.65676	2524	0.66309	2505	-0.03119	2.82930E-48	0.04963	2.93758E-63	0.07384	3.98295E-80	0.07704	6.05396E-82	0.10544	1.91404E-95	0.04052	7.73932E-55
ETV1_MA0761.2	ETV1	MA0761.2	C_EHF	40661	0.35872	10731	0.35338	10307	0.35563	10431	0.34924	9805	0.10217	6.88764E-138	0.06002	4.28267E-116	0.16307	1.03023E-158	-0.05202	4.46458E-109	0.07984	2.48332E-127	0.13048	3.56848E-149
NR2F1var.3_MA1538.1	NR2F1(var.3)	MA1538.1	C_NR2F1(var.3)	9247	0.32931	2324	0.33273	2307	0.33003	2276	0.33598	2313	-0.01588	8.80324E-35	0.00532	1.47422E-07	-0.0506	3.27495E-79	0.02056	4.20191E-42	-0.04078	2.46861E-70	-0.06133	3.15092E-87
GMEB2_MA0862.1	GMEB2	MA0862.1	C_GMEB2	1319	0.60586	443	0.63232	450	0.62019	439	0.62732	439	-0.02556	1.46424E-15	0.01212	2.31733E-06	0.04835	1.01291E-34	0.03677	3.11565E-26	0.07172	8.97002E-49	0.04269	1.04330E-30
Stat2_MA1623.1	Stat2	MA1623.1	C_Stat2	66191	0.22183	11133	0.21899	10629	0.2211	10884	0.21745	10086	0.08742	2.16731E-139	0.05273	5.50499E-111	0.14394	8.41607E-161	-0.04274	7.39022E-102	0.07014	2.47126E-125	0.11311	1.89361E-150
ISL2_MA0914.1	ISL2	MA0914.1	C_ISL2	9722	0.25787	1870	0.26053	1855	0.26027	1877	0.25948	1784	0.02401	1.04664E-41	-0.0077	4.21859E-09	0.0666	1.33619E-81	-0.03154	9.26203E-50	0.04539	8.51452E-68	0.07776	4.73245E-88
RXRGvar.2_MA1556.1	RXRG(var.2)	MA1556.1	C_RXRG(var.2)	10650	0.42108	3210	0.42447	3209	0.42203	3193	0.43018	3220	-0.02822	4.01196E-51	-0.01181	4.13965E-23	-0.04774	9.74104E-72	0.01784	1.47233E-31	-0.02743	4.60926E-50	-0.04436	9.03537E-69
PHOX2A_MA0713.1	PHOX2A	MA0713.1	C_PHOX2B	16182	0.18404	2006	0.18384	1964	0.18263	1957	0.17937	1810	0.03893	2.32302E-71	0.05409	5.62753E-85	0.1316	5.58104E-122	0.00809	2.82069E-21	0.09834	2.28107E-110	0.09718	3.20168E-109
NRF1_MA0506.1	NRF1	MA0506.1	C_NRF1	18391	0.89174	11185	0.91278	11253	0.8859	10995	0.92398	11312	-0.02903	3.05756E-64	0.11426	4.86433E-121	-0.01499	2.05634E-39	0.13455	4.48330E-128	0.0083	1.58200E-18	-0.11587	4.85393E-122
FOXH1_MA0479.1	FOXH1	MA0479.1	C_FOXH1	15890	0.2394	2765	0.24102	2679	0.24154	2687	0.24266	2624	0.02427	3.87440E-50	-0.00186	9.50073E-01	0.04004	8.67887E-75	-0.02666	5.72779E-48	0.018	4.20791E-42	0.04418	7.13972E-73
IRF9_MA0653.1	IRF9	MA0653.1	C_IRF1	15214	0.27279	3144	0.27408	3108	0.27452	3147	0.2749	2992	0.07337	1.70196E-92	0.04835	1.12684E-74	0.11034	4.65153E-110	-0.03239	2.41649E-60	0.04642	1.65667E-76	0.07972	4.61349E-96
NKX2-3_MA0672.1	NKX2-3	MA0672.1	C_NKX2-3	14139	0.28148	3059	0.28127	3004	0.28302	3005	0.2833	2915	0.0296	6.35731E-58	-0.01179	5.02897E-28	0.02074	9.14340E-44	-0.04106	4.22974E-73	-0.00694	1.64088E-17	0.03135	2.77882E-60
ZBTB7A_MA0750.2	ZBTB7A	MA0750.2	C_FEV	21453	0.71589	10187	0.72557	10105	0.71355	10089	0.72695	9936	0.02843	2.80244E-60	0.06136	9.42233E-101	0.07897	1.84774E-111	0.02591	5.68643E-65	0.05618	2.55404E-98	0.03549	8.24213E-78
ESRRA_MA0592.3	ESRRA	MA0592.3	C_NR2F2	18602	0.28603	4105	0.28492	4027	0.28495	4003	0.28557	3915	0.0233	1.54760E-54	0.02416	6.69924E-56	0.05133	6.82524E-86	-0.00262	1.38500E-04	0.0306	1.51561E-64	0.03536	9.66448E-71
HOXB9_MA1503.1	HOXB9	MA1503.1	C_HOXC10	5910	0.23645	1046	0.23696	1002	0.23596	1033	0.23651	992	0.07893	3.17002E-83	0.04682	3.74595E-62	0.11118	1.74405E-97	-0.03983	5.95697E-53	0.0426	2.18172E-56	0.0819	9.45502E-85
MAZ_MA1522.1	MAZ	MA1522.1	C_ZNF148	55719	0.59371	23871	0.60237	24138	0.59404	23708	0.61185	24268	-0.04692	1.31790E-102	0.02519	2.79269E-75	-0.05199	1.30769E-105	0.0706	7.53906E-119	-0.01514	4.03363E-54	-0.08008	4.07113E-124
NFAT5_MA0606.1	NFAT5	MA0606.1	C_NFATC3	27930	0.22748	4578	0.2286	4420	0.2293	4487	0.22924	4269	0.05072	1.03258E-94	0.02735	1.06982E-69	0.0884	1.25569E-118	-0.02799	3.63967E-71	0.04412	9.84758E-89	0.07297	2.31839E-110
NR2F2_MA1111.1	NR2F2	MA1111.1	C_NR2F2	19905	0.26944	3874	0.26777	3745	0.26801	3746	0.26751	3588	0.0239	3.81152E-56	0.0464	2.29633E-84	0.07358	2.69091E-104	0.01654	2.70177E-41	0.05312	3.54804E-90	0.04109	3.92411E-79
ZNF263_MA0528.2	ZNF263	MA0528.2	C_ZNF263	58274	0.469	20625	0.47371	20665	0.47143	20401	0.48053	20635	-0.00641	1.02692E-34	0.00807	3.42647E-38	-0.01354	1.70885E-61	0.01345	1.86877E-58	-0.01083	2.84943E-45	-0.02285	1.52710E-82
DLX6_MA0882.1	DLX6	MA0882.1	C_Dlx3	9019	0.22213	1363	0.22784	1387	0.22563	1373	0.22584	1297	-0.00027	3.99660E-01	0.00161	5.11322E-02	0.06202	3.20557E-82	0.00128	1.04880E-01	0.062	3.30656E-82	0.06476	4.99128E-84
ESRRB_MA0141.3	ESRRB	MA0141.3	C_NR2F2	15373	0.27095	3205	0.26961	3151	0.2699	3127	0.26877	3029	0.03284	8.12018E-71	0.03412	2.22754E-72	0.07796	5.73246E-107	-0.0035	5.47630E-06	0.04956	9.16527E-83	0.0559	6.65423E-93
RFX1_MA0509.2	RFX1	MA0509.2	C_RFX3	15289	0.38808	4070	0.39747	4127	0.39404	4056	0.40251	4027	-0.01205	2.09405E-29	-0.01052	1.96434E-19	0.00034	3.00427E-02	0.00252	8.07221E-01	0.00908	1.66865E-11	0.00797	6.28462E-09
IRF5_MA1420.1	IRF5	MA1420.1	C_IRF5	9223	0.32784	2268	0.33178	2241	0.32903	2208	0.3322	2162	0.04079	4.41114E-59	0.03117	2.11645E-48	0.08302	9.51600E-89	-0.01423	9.31559E-24	0.04843	4.14939E-66	0.06433	5.91130E-78
TBX4_MA0806.1	TBX4	MA0806.1	C_TBX15	10819	0.28427	2298	0.29084	2319	0.28852	2313	0.29711	2294	-0.03334	2.55427E-56	-0.03861	3.77483E-62	-0.07089	3.27600E-87	-0.0009	9.37536E-01	-0.04637	2.24771E-68	-0.04701	6.00238E-69
ZBTB7B_MA0694.1	ZBTB7B	MA0694.1	C_ZBTB7B	9053	0.39961	2665	0.4135	2724	0.40236	2685	0.41873	2723	-0.09183	8.48221E-95	-0.00999	1.05340E-15	-0.10915	3.50434E-102	0.08359	2.64574E-91	-0.03421	4.36702E-57	-0.11231	2.10391E-103
JUNB_MA0490.2	JUNB	MA0490.2	C_Smad2::Smad3	24148	0.33213	6165	0.31115	5652	0.32749	5971	0.30108	5324	0.20034	1.48607E-150	0.08002	2.07642E-110	0.29331	5.82586E-167	-0.13508	9.34013E-133	0.1309	2.86642E-132	0.25897	9.52844E-161
ZNF354C_MA0130.1	ZNF354C	MA0130.1	C_ZNF354C	26021	0.27213	5300	0.27664	5324	0.2771	5263	0.28311	5276	-0.02924	3.81686E-74	-0.0447	9.32373E-91	-0.06998	1.06558E-109	-0.01044	1.64612E-31	-0.04934	3.85970E-96	-0.04146	1.60983E-87
EBF1_MA0154.4	EBF1	MA0154.4	C_EBF1	26917	0.32885	6697	0.33307	6754	0.33199	6575	0.34022	6683	-0.0496	6.84779E-92	-0.01639	3.82885E-47	-0.0756	9.39013E-110	0.03551	2.53039E-77	-0.03661	1.23489E-84	-0.07075	6.22115E-107
OVOL2_MA1545.1	OVOL2	MA1545.1	C_OVOL1	1943	0.53048	723	0.54782	723	0.53082	727	0.54208	709	0.0006	4.85587E-02	0.04737	1.14744E-37	0.09538	1.00695E-62	0.04186	8.10810E-34	0.09769	1.18882E-63	0.06518	1.65324E-48
RFX2_MA0600.2	RFX2	MA0600.2	C_RFX2	6772	0.47899	2129	0.49403	2160	0.48551	2122	0.50234	2151	-0.05671	6.98223E-63	-0.0009	2.69623E-03	-0.0351	1.35125E-43	0.05673	7.12847E-65	0.01205	4.95084E-16	-0.03902	1.02829E-47
ATF2_MA1632.1	ATF2	MA1632.1	C_FOSL1::JUN(var.2)	16183	0.35928	3856	0.36264	3852	0.36339	3853	0.367	3754	0.03019	6.43873E-62	-0.00888	6.92100E-20	0.04172	1.60226E-74	-0.03924	1.06287E-73	0.01501	1.49181E-34	0.05226	3.13213E-86
HOXD9_MA0913.2	HOXD9	MA0913.2	C_HOXA10	16823	0.20227	2409	0.20268	2319	0.20312	2363	0.20192	2215	0.06641	3.31162E-91	0.02756	1.02072E-56	0.11626	4.42934E-120	-0.04362	3.62934E-75	0.05808	4.25753E-89	0.10242	4.87813E-111
GLIS2_MA0736.1	GLIS2	MA0736.1	C_GLIS2	11821	0.4771	4339	0.48396	4366	0.47853	4327	0.49343	4419	-0.05256	6.95167E-75	-0.00643	1.22798E-09	-0.08592	1.65313E-95	0.04764	1.63903E-70	-0.04567	4.29111E-69	-0.09141	3.91235E-98
DMRTC2_MA1479.1	DMRTC2	MA1479.1	C_DMRTC2	12484	0.20587	1807	0.20555	1790	0.20623	1733	0.20416	1665	0.06601	5.16837E-87	0.03167	7.51397E-57	0.10485	1.98973E-104	-0.03951	2.13740E-65	0.04737	3.55899E-70	0.08691	1.21111E-98
DMRTA2_MA1478.1	DMRTA2	MA1478.1	C_DMRTC2	11064	0.20472	1647	0.20433	1606	0.2046	1562	0.20388	1501	0.05833	4.05609E-78	0.03524	4.24944E-57	0.09957	5.74367E-101	-0.02853	6.00884E-51	0.04894	5.57860E-71	0.07839	1.02949E-90
ZNF148_MA1653.1	ZNF148	MA1653.1	C_ZNF148	80190	0.64034	36227	0.65029	36656	0.63993	35866	0.6579	36815	-0.04408	3.69461E-107	0.03573	8.40605E-99	-0.04042	1.94364E-103	0.07725	1.35935E-131	-0.00542	3.64230E-24	-0.07615	1.13496E-130
EGR1_MA0162.4	EGR1	MA0162.4	C_EGR1	38682	0.6805	18761	0.69328	19021	0.67867	18569	0.70095	19085	-0.04933	4.76543E-98	0.04624	4.73109E-97	-0.04159	1.19838E-90	0.09223	4.24712E-126	-0.00213	4.51598E-03	-0.08652	2.05234E-122
STAT3_MA0144.2	STAT3	MA0144.2	C_Stat4	27254	0.30405	6027	0.3092	6003	0.30796	5955	0.31295	5879	0.00276	7.75255E-05	-0.00565	5.95238E-12	0.01498	4.89897E-39	-0.00827	5.10235E-20	0.01099	1.17264E-29	0.01992	1.69185E-49
ZEB1_MA0103.3	ZEB1	MA0103.3	C_TCF3	28397	0.31015	7144	0.32084	7319	0.31765	7155	0.33481	7567	-0.11129	1.26445E-124	-0.08153	4.10991E-114	-0.21679	9.28000E-156	0.04017	4.33106E-81	-0.12795	3.02607E-133	-0.17235	5.94247E-146
ELK3_MA0759.1	ELK3	MA0759.1	C_FEV	8257	0.96199	4758	0.98182	4726	0.96095	4701	0.98418	4636	0.03982	1.39067E-66	0.0864	5.64798E-98	0.13705	2.56853E-117	0.03664	2.34765E-63	0.10835	1.98026E-107	0.07929	2.06828E-94
EGR2_MA0472.2	EGR2	MA0472.2	C_EGR1	14273	0.68665	6904	0.69947	6958	0.68323	6790	0.70328	6923	-0.03301	1.62385E-63	0.06294	2.88969E-92	0.00897	2.99450E-22	0.09118	7.77436E-108	0.03721	9.24327E-64	-0.04413	8.95747E-76
EMX1_MA0612.2	EMX1	MA0612.2	C_EMX1	5925	0.19386	799	0.19788	816	0.19618	808	0.19727	779	0.00616	3.50397E-04	0.01224	6.27423E-14	0.04283	3.13330E-52	0.0042	3.99622E-02	0.03644	2.97462E-46	0.03513	2.16718E-48
LBX1_MA0618.1	LBX1	MA0618.1	C_LBX1	7862	0.20948	1127	0.21278	1158	0.21096	1140	0.21152	1084	0.01287	1.78043E-23	0.0283	2.68483E-44	0.06784	1.62924E-78	0.01153	1.28275E-17	0.05624	4.63307E-71	0.04901	1.77539E-65
VDR_MA0693.2	VDR	MA0693.2	C_VDR	12405	0.27092	2507	0.27008	2487	0.27226	2490	0.27182	2393	0.03014	3.11443E-52	0.00029	7.40039E-01	0.03379	8.13875E-57	-0.03098	7.06806E-55	0.0062	1.81351E-09	0.03574	4.30169E-59
SIX1_MA1118.1	SIX1	MA1118.1	C_SIX2	12939	0.27049	2646	0.27014	2548	0.27179	2612	0.26991	2515	0.05795	1.31211E-87	0.02166	1.31810E-47	0.0977	6.29872E-111	-0.03991	2.00126E-71	0.04873	2.68125E-81	0.08871	2.09433E-105
Mlxip_MA0622.1	Mlxip	MA0622.1	C_MNT	11471	0.5671	4438	0.57402	4450	0.56235	4368	0.56563	4314	-0.02157	1.56845E-40	0.04894	3.17851E-71	0.05512	3.28025E-76	0.06609	7.02807E-84	0.07589	1.75233E-89	0.02029	1.57320E-36
Smad4_MA1153.1	Smad4	MA1153.1	C_Smad4	13341	0.30452	3057	0.30556	2992	0.30906	3050	0.31259	2985	-0.01109	4.23081E-22	-0.04507	3.32789E-73	-0.06249	6.34377E-87	-0.02911	2.21588E-55	-0.05837	4.82056E-84	-0.03342	6.45305E-61
Rbpjl_MA1621.1	Rbpjl	MA1621.1	C_Rbpjl	20053	0.26631	4095	0.27772	4239	0.27528	4167	0.29105	4385	-0.10615	7.39959E-121	-0.09308	3.37237E-115	-0.22382	5.37651E-153	0.02421	5.25946E-60	-0.13931	1.43701E-132	-0.16931	5.68220E-141
RXRAVDR_MA0074.1	RXRA::VDR	MA0074.1	C_RXRA::VDR	8898	0.31494	2054	0.3197	2074	0.31719	2056	0.32337	2029	-0.00399	7.54457E-05	-0.00212	3.24914E-02	-0.00623	3.55281E-09	0.00178	5.71762E-02	-0.0052	4.55530E-07	-0.00625	3.22206E-09
FOSBJUNBvar.2_MA1136.1	FOSB::JUNB(var.2)	MA1136.1	C_FOSL1::JUN(var.2)	5382	0.65967	1932	0.68174	1991	0.67317	1936	0.69384	1975	-0.01653	1.80543E-24	-0.00353	1.08421E-04	0.01425	1.31809E-13	0.01353	1.23493E-15	0.02786	9.70336E-34	0.01762	1.21234E-22
GATA6_MA1104.2	GATA6	MA1104.2	C_GATA6	40350	0.32891	10377	0.31743	9662	0.32248	9805	0.30417	8871	0.14101	1.78337E-146	0.12174	4.16204E-140	0.30304	1.51272E-179	-0.03612	4.91812E-90	0.19413	1.42661E-161	0.23738	5.29151E-169
GCM2_MA0767.1	GCM2	MA0767.1	C_GCM2	7226	0.35329	1984	0.35851	1959	0.35363	1929	0.36043	1914	-0.05759	2.17185E-75	-0.01006	1.05590E-14	-0.05273	1.06111E-71	0.04982	3.99484E-70	-0.00622	3.12149E-10	-0.05152	9.85279E-71
ZIC5_MA1584.1	ZIC5	MA1584.1	C_ZIC5	20230	0.53041	8294	0.53768	8364	0.52988	8175	0.54836	8415	-0.03785	7.91838E-81	0.02315	1.64423E-59	-0.0608	1.03107E-100	0.05944	3.25576E-99	-0.03212	2.08633E-70	-0.08825	1.54603E-116
XBP1_MA0844.1	XBP1	MA0844.1	C_XBP1	4747	0.53771	1722	0.54767	1720	0.54248	1686	0.55385	1700	0.02887	1.02042E-35	0.03112	1.78284E-38	0.01916	3.22754E-22	-0.00234	5.45858E-03	-0.00801	7.80170E-05	-0.00539	2.22238E-06
EN1_MA0027.2	EN1	MA0027.2	C_LHX9	6047	0.25671	1026	0.26296	1027	0.26065	1020	0.26258	984	0.02551	2.41435E-38	0.01975	6.77475E-30	0.06971	1.34221E-77	-0.00879	4.29437E-10	0.04707	1.56841E-61	0.05851	2.31020E-70
TEAD4_MA0809.2	TEAD4	MA0809.2	C_TEAD4	18750	0.24687	3407	0.24819	3320	0.25071	3350	0.25119	3294	0.00373	4.93175E-06	-0.03007	1.54436E-64	0.00632	3.43922E-13	-0.03123	4.53007E-66	0.00109	5.45523E-02	0.03075	7.10552E-65
POU5F1_MA1115.1	POU5F1	MA1115.1	C_POU2F3	22588	0.22809	3543	0.23078	3466	0.23032	3534	0.23164	3410	0.02788	2.45200E-65	0.01559	1.32334E-43	0.06774	9.23093E-102	-0.015	2.90182E-38	0.04321	5.61250E-79	0.06	7.11751E-97
FOSL2JUNBvar.2_MA1139.1	FOSL2::JUNB(var.2)	MA1139.1	C_FOSL1::JUN(var.2)	5430	0.63152	1878	0.6519	1918	0.64468	1879	0.66132	1901	-0.00544	2.78775E-03	-0.01154	1.00947E-10	0.04151	6.49498E-46	-0.00506	6.67348E-03	0.04702	1.30775E-50	0.0544	4.89859E-61
Znf423_MA0116.1	Znf423	MA0116.1	C_Znf423	16251	0.38905	4919	0.39432	4898	0.39429	4863	0.40618	4860	-0.03559	6.96172E-68	-0.03087	5.18533E-62	-0.08494	9.22144E-105	0.00822	3.98991E-19	-0.05909	2.97895E-89	-0.06907	6.55909E-96
MYOD1_MA0499.2	MYOD1	MA0499.2	C_MYOD1	24837	0.3147	6027	0.32036	6068	0.32065	6039	0.32921	6114	-0.04688	6.33760E-88	-0.0504	5.97311E-91	-0.10769	4.43136E-123	0.00255	2.78805E-03	-0.07321	1.08204E-111	-0.0785	1.23436E-109
Hoxa11_MA0911.1	Hoxa11	MA0911.1	C_HOXC10	6306	0.22763	1071	0.22824	1017	0.22758	1051	0.22967	1011	0.07137	1.14342E-73	0.04438	2.12343E-55	0.10082	1.27800E-87	-0.03394	4.65562E-39	0.03812	5.80838E-57	0.07218	4.06837E-74
OTX1_MA0711.1	OTX1	MA0711.1	C_OTX2	5462	0.31041	1229	0.31627	1255	0.31598	1260	0.31888	1232	-0.01308	1.44449E-13	-0.02225	1.19822E-27	0.00895	4.80320E-11	-0.00688	9.23717E-05	0.01877	1.82744E-24	0.02674	5.15285E-37
SP9_MA1564.1	SP9	MA1564.1	C_KLF9	50225	0.87413	26831	0.88638	27094	0.86911	26668	0.88943	27235	-0.04728	1.12681E-103	0.05996	6.44092E-113	-0.009	1.67652E-38	0.10257	4.35536E-136	0.03102	7.25816E-82	-0.06173	6.02512E-115
TEAD2_MA1121.1	TEAD2	MA1121.1	C_TEAD4	16123	0.25935	3102	0.26096	3056	0.26315	3073	0.26353	3029	0.007	3.93785E-14	-0.02066	4.48562E-46	0.00956	4.84178E-22	-0.02597	5.55895E-55	0.00157	1.47635E-01	0.02651	1.68097E-56
FOSL1JUNB_MA1137.1	FOSL1::JUNB	MA1137.1	C_Smad2::Smad3	23037	0.34039	5982	0.31989	5490	0.33597	5802	0.31055	5162	0.19668	9.72510E-150	0.07498	3.27801E-110	0.29237	9.98170E-167	-0.13614	1.38770E-135	0.1335	9.37826E-135	0.26257	6.87989E-164
ZNF382_MA1594.1	ZNF382	MA1594.1	C_ZNF382	15111	0.28754	3171	0.28567	3107	0.28933	3136	0.28642	3011	0.04954	3.50361E-83	-0.00139	4.91790E-03	0.06834	5.77069E-97	-0.05239	8.54149E-87	0.02496	3.88062E-50	0.07537	3.56519E-101
ZBTB26_MA1579.1	ZBTB26	MA1579.1	C_ZBTB26	26039	0.28596	5601	0.28645	5550	0.28804	5629	0.2911	5556	0.02607	2.29660E-65	0.002	3.49922E-03	0.01886	4.48466E-50	-0.02528	7.51824E-62	-0.00599	3.79727E-15	0.01792	4.11550E-48
MAFF_MA0495.3	MAFF	MA0495.3	C_MAFF	23820	0.23009	4182	0.2275	3963	0.23053	4071	0.2257	3808	0.05422	3.68474E-96	0.02652	3.26633E-68	0.11874	2.47094E-125	-0.03226	2.90736E-73	0.0741	2.44975E-105	0.1078	2.66873E-126
MYC_MA0147.3	MYC	MA0147.3	C_MNT	11072	0.56479	4322	0.5713	4323	0.56019	4233	0.56481	4193	-0.0217	1.13007E-38	0.04481	2.25034E-66	0.03884	1.47556E-60	0.0625	3.42825E-80	0.0584	1.82502E-83	0.00522	2.78333E-06
GATA3_MA0037.3	GATA3	MA0037.3	C_GATA6	29762	0.38512	8913	0.37106	8333	0.37838	8485	0.35685	7701	0.1482	1.90547E-139	0.13077	4.37656E-134	0.31801	3.26681E-172	-0.03539	4.00295E-78	0.20609	2.28001E-153	0.24825	1.40742E-161
Arid3b_MA0601.1	Arid3b	MA0601.1	C_Arid3b	17753	0.15959	1897	0.15889	1804	0.15943	1810	0.15845	1754	0.05902	8.51223E-90	0.03211	4.31865E-64	0.10404	1.14065E-110	-0.03181	7.29540E-60	0.05173	4.01538E-84	0.08477	2.56943E-105
RORB_MA1150.1	RORB	MA1150.1	C_RORB	11942	0.25176	2247	0.25163	2187	0.25262	2203	0.25394	2135	0.0243	3.76881E-42	0.00709	5.42784E-10	0.03763	6.38199E-59	-0.01885	7.89266E-34	0.01563	2.09879E-27	0.03427	3.26317E-55
THRBvar.2_MA1575.1	THRB(var.2)	MA1575.1	C_THRB(var.2)	8920	0.36267	2472	0.36464	2472	0.36379	2470	0.37001	2486	-0.00284	3.05992E-02	-0.00709	1.00242E-10	-0.02387	3.46468E-44	-0.00389	1.78081E-04	-0.02482	1.19062E-45	-0.02178	8.21596E-41
NKX2-8_MA0673.1	NKX2-8	MA0673.1	C_NKX2-3	12856	0.28148	2769	0.28146	2720	0.28343	2717	0.28213	2655	0.03147	2.75091E-58	-0.01842	1.74286E-39	0.0284	3.72572E-54	-0.04874	3.10271E-77	-0.0006	2.15852E-01	0.04513	3.54481E-73
Stat5a_MA1624.1	Stat5a	MA1624.1	C_Stat5a	21821	0.29207	4657	0.29713	4671	0.29649	4624	0.29971	4529	-6e-05	1.35582E-01	0.00179	1.46089E-02	0.02955	1.75386E-67	0.00126	9.63182E-02	0.02877	3.07797E-64	0.02975	9.24595E-68
KLF10_MA1511.1	KLF10	MA1511.1	C_KLF9	44880	0.67074	19528	0.67764	19575	0.66854	19358	0.67877	19563	-0.03723	1.11050E-91	0.02313	1.07214E-68	-0.019	1.03774E-64	0.05869	1.11712E-110	0.01105	1.18843E-45	-0.04172	2.19092E-96
Nr2e3_MA0164.1	Nr2e3	MA0164.1	C_Nr2e3	10063	0.27911	2049	0.28131	2011	0.28227	2031	0.2823	1957	0.03235	3.64947E-53	0.00857	3.48996E-13	0.06601	3.33670E-82	-0.02569	5.04905E-44	0.03767	3.79557E-60	0.06385	8.24371E-81
TBX20_MA0689.1	TBX20	MA0689.1	C_TBX18	15141	0.2635	3016	0.26664	3001	0.2675	3011	0.27171	2934	0.00123	9.32471E-01	-0.02064	1.47689E-48	-0.02718	1.27453E-59	-0.02012	3.30211E-43	-0.03182	7.75669E-58	-0.01403	1.35901E-31
GBX1_MA0889.1	GBX1	MA0889.1	C_GBX2	5772	0.2681	1031	0.278	1055	0.27502	1034	0.27762	1003	0.00114	3.29718E-01	-0.00482	1.00109E-03	0.04579	4.42112E-56	-0.0058	8.17251E-05	0.0439	2.00094E-54	0.05248	1.64114E-61
NR1H4_MA1110.1	NR1H4	MA1110.1	C_NR1H4	11851	0.26198	2351	0.26108	2339	0.26275	2333	0.26266	2223	0.03661	1.09139E-61	0.02171	3.74176E-42	0.04758	3.62163E-72	-0.0185	3.60637E-33	0.01476	1.13503E-29	0.03317	7.75286E-58
FOS_MA0476.1	FOS	MA0476.1	C_Smad2::Smad3	24085	0.35126	6623	0.32804	6060	0.34671	6448	0.31965	5743	0.2229	5.32827E-161	0.06998	1.30503E-108	0.29497	5.29268E-173	-0.16783	1.85214E-148	0.11448	2.30993E-121	0.27064	9.42409E-167
Msx3_MA0709.1	Msx3	MA0709.1	C_Dlx3	7600	0.2591	1321	0.26597	1313	0.26364	1323	0.26385	1253	0.02679	9.10706E-44	0.00966	2.08677E-13	0.09085	6.06314E-94	-0.01897	2.30569E-33	0.06762	2.15322E-81	0.08984	1.81825E-93
HLF_MA0043.3	HLF	MA0043.3	C_NFIL3	11234	0.25431	2065	0.25722	2070	0.25781	2033	0.25843	1961	0.05205	3.61907E-76	0.0144	2.45888E-25	0.07571	2.54484E-92	-0.04066	1.04525E-68	0.031	6.11795E-60	0.07071	2.28373E-89
INSM1_MA0155.1	INSM1	MA0155.1	C_INSM1	28335	0.40088	8503	0.40456	8550	0.40241	8363	0.40914	8431	-0.02182	1.43854E-58	-0.00624	4.92569E-18	-0.04645	1.58196E-89	0.01626	7.10305E-46	-0.03177	1.00282E-73	-0.04729	2.79366E-90
SOX13_MA1120.1	SOX13	MA1120.1	C_SOX13	13763	0.23704	2321	0.23372	2227	0.23474	2243	0.22658	2061	0.07039	5.61533E-90	0.03656	3.53178E-66	0.15428	1.66507E-127	-0.04016	4.09605E-71	0.0969	1.61914E-103	0.13916	4.54192E-123
ERG_MA0474.2	ERG	MA0474.2	C_FEV	9326	0.79678	4608	0.81039	4551	0.79353	4567	0.8079	4444	0.06462	3.22414E-82	0.08354	4.26712E-93	0.16598	1.86470E-122	0.00862	6.26356E-13	0.11846	5.32384E-108	0.11373	2.94714E-106
NR3C1_MA0113.3	NR3C1	MA0113.3	C_NR3C1	7116	0.29725	1583	0.29812	1538	0.30051	1547	0.30171	1507	0.01204	3.78421E-20	-0.0	4.52903E-01	0.02909	2.86087E-52	-0.01276	2.72312E-18	0.01744	4.31616E-30	0.03081	1.63322E-49
BHLHE22var.2_MA1635.1	BHLHE22(var.2)	MA1635.1	C_Tcf12	24987	0.38512	7500	0.38493	7395	0.38805	7404	0.39194	7290	0.00489	6.18123E-11	-0.02006	1.13182E-50	-0.02449	1.49099E-58	-0.02338	1.06659E-56	-0.03261	3.12025E-70	-0.01179	1.66134E-31
PAX9_MA0781.1	PAX9	MA0781.1	C_PAX9	6362	0.41705	1887	0.42289	1854	0.42095	1853	0.42633	1858	0.0022	2.07520E-02	0.00031	3.97814E-01	-0.00258	1.15919E-03	-0.00239	1.98355E-01	-0.00684	5.00667E-06	-0.0042	7.44910E-03
ETV5_MA0765.2	ETV5	MA0765.2	C_EHF	18192	0.64976	7651	0.65294	7485	0.64619	7493	0.64815	7209	0.09825	6.16311E-118	0.0865	1.56441E-112	0.19833	6.70250E-148	-0.024	3.13657E-57	0.12256	5.40955E-122	0.14831	1.77252E-135
ELF4_MA0641.1	ELF4	MA0641.1	C_ELF4	13449	0.65721	5728	0.66576	5604	0.65563	5641	0.66288	5462	0.07069	1.13621E-93	0.07297	2.10199E-92	0.15916	1.67560E-125	-0.00731	3.77815E-11	0.10472	1.13446E-107	0.11463	1.63295E-111
TFAP2A_MA0003.4	TFAP2A	MA0003.4	C_TFAP2A	34436	0.38834	10191	0.39247	10175	0.39068	10107	0.39882	10144	-0.02827	2.78155E-71	-0.00804	5.10179E-28	-0.05986	1.84476E-107	0.02131	2.51718E-64	-0.03986	5.58712E-86	-0.06051	6.37191E-108
PAX5_MA0014.3	PAX5	MA0014.3	C_PAX5	9274	0.59694	3626	0.60339	3661	0.59282	3606	0.60496	3673	-0.03076	3.08765E-53	0.03966	8.39996E-62	-0.02419	2.73783E-44	0.06698	9.18180E-84	-0.0	4.41738E-02	-0.0614	5.39781E-81
YY1_MA0095.2	YY1	MA0095.2	C_YY1	21645	0.36147	5596	0.37408	5539	0.36751	5478	0.37818	5516	-0.02982	3.59077E-71	0.00419	1.86450E-10	-0.01514	4.08046E-39	0.03373	1.31832E-76	0.00883	1.55946E-21	-0.02106	5.55409E-57
NFE2L1_MA0089.2	NFE2L1	MA0089.2	C_BACH1	25075	0.32515	6285	0.3132	5919	0.32591	6172	0.31317	5729	0.12619	4.88559E-134	0.02813	1.89547E-68	0.16402	2.78998E-145	-0.1055	1.55318E-122	0.05947	3.80320E-97	0.15861	1.12053E-140
RARBvar.3_MA1552.1	RARB(var.3)	MA1552.1	C_RXRG(var.2)	8439	0.38371	2366	0.38855	2357	0.38549	2341	0.38869	2333	-0.02459	6.14527E-39	-0.001	6.66833E-01	-0.0213	1.17716E-33	0.02391	2.77313E-42	-0.0027	2.56022E-01	-0.02385	8.59843E-38
Lhx8_MA0705.1	Lhx8	MA0705.1	C_Lhx8	5909	0.28495	1130	0.28715	1123	0.28678	1115	0.28455	1047	0.03347	6.14675E-47	0.01767	5.01104E-25	0.08967	2.98338E-87	-0.01894	2.31931E-28	0.06162	1.75749E-71	0.08272	7.74441E-84
ETV2_MA0762.1	ETV2	MA0762.1	C_ETV2	12373	0.52277	4278	0.52305	4096	0.51878	4163	0.51557	3908	0.13496	2.57973E-120	0.08259	4.91064E-99	0.24302	9.24736E-146	-0.06467	1.97462E-90	0.13647	8.21183E-118	0.19886	4.31907E-137
ERF_MA0760.1	ERF	MA0760.1	C_FEV	10509	0.69557	4599	0.70593	4544	0.69383	4556	0.70256	4394	0.0796	2.01124E-93	0.07789	1.60586E-92	0.17283	4.57910E-126	-0.01217	1.56747E-18	0.11163	1.41636E-107	0.12596	1.14791E-112
TGIF2LY_MA1572.1	TGIF2LY	MA1572.1	C_PKNOX2	8207	0.32232	1995	0.32374	1987	0.32379	1964	0.32573	1964	0.01458	1.13619E-29	-0.00473	1.06605E-04	0.01386	3.40267E-28	-0.01968	4.31675E-36	-0.00066	8.13696E-01	0.01816	1.51274E-36
SNAI3_MA1559.1	SNAI3	MA1559.1	C_TCF3	22497	0.27522	4900	0.28527	5030	0.28174	4911	0.29786	5187	-0.10138	1.88377E-123	-0.07089	4.57982E-107	-0.19726	6.68496E-151	0.03945	2.18774E-84	-0.11544	4.66828E-129	-0.15847	1.67586E-141
HOXD11_MA0908.1	HOXD11	MA0908.1	C_HOXC10	7951	0.21042	1268	0.20961	1198	0.20985	1238	0.20877	1170	0.08821	1.15690E-86	0.0506	2.97992E-63	0.12669	3.68868E-102	-0.04563	1.03176E-60	0.05072	2.22412E-65	0.0965	1.69256E-90
ETV3_MA0763.1	ETV3	MA0763.1	C_FEV	8521	0.79103	4108	0.80824	4082	0.79245	4081	0.81029	4006	0.03138	8.97637E-46	0.06381	2.98004E-73	0.10835	3.66674E-95	0.0252	3.81397E-38	0.08524	3.75611E-85	0.06569	1.96186E-74
FOXP2_MA0593.1	FOXP2	MA0593.1	C_Foxj3	33168	0.22944	5580	0.23099	5427	0.23119	5525	0.23318	5258	0.02552	7.89345E-69	0.02638	4.00868E-76	0.06898	4.05241E-111	-0.00279	1.87136E-07	0.04725	1.60267E-93	0.05277	2.40587E-105
TBX18_MA1565.1	TBX18	MA1565.1	C_TBX18	21923	0.30895	5012	0.31269	4993	0.31374	4981	0.32099	4967	-0.01346	8.46962E-34	-0.025	2.38325E-63	-0.05048	3.71519E-92	-0.00907	1.10039E-27	-0.04315	5.33664E-80	-0.03593	4.97569E-78
TBX6_MA1567.1	TBX6	MA1567.1	C_TBX15	14291	0.28931	3157	0.29308	3131	0.29469	3146	0.29908	3094	-0.01254	7.36378E-28	-0.03875	7.35974E-70	-0.05125	1.68372E-81	-0.02235	1.79209E-45	-0.04482	9.53589E-74	-0.0254	1.84720E-50
SREBF2var.2_MA0828.1	SREBF2(var.2)	MA0828.1	C_SREBF2(var.2)	7806	0.51808	2510	0.52792	2560	0.51807	2497	0.52887	2498	-0.02889	1.34332E-46	0.02949	2.14607E-49	0.01884	9.75126E-34	0.05561	2.00323E-74	0.04367	1.24351E-64	-0.0044	9.56888E-04
SPIC_MA0687.1	SPIC	MA0687.1	C_SPIC	30519	0.27803	6174	0.27035	5769	0.27309	6002	0.26333	5411	0.14439	1.59709E-141	0.07993	1.99667E-122	0.23923	2.33650E-162	-0.07823	3.59659E-122	0.12134	2.41755E-137	0.1974	1.98121E-161
ELF2_MA1483.1	ELF2	MA1483.1	C_ELF4	11600	0.7227	5322	0.73539	5249	0.72118	5249	0.7342	5141	0.05741	6.30707E-78	0.07192	5.54810E-88	0.1323	5.60953E-115	0.0057	3.98332E-02	0.08754	2.81009E-101	0.08516	1.68950E-95
Ptf1a_MA1618.1	Ptf1a	MA1618.1	C_NEUROD1	24002	0.28859	5229	0.28879	5123	0.29085	5140	0.29049	4959	0.02041	6.45488E-56	0.00673	1.19332E-19	0.04894	9.89154E-92	-0.01522	1.70116E-43	0.03111	2.60791E-66	0.04737	2.33181E-90
